device,pair,K0_matlab,K0_here,median_ratio,max_ratio,matlab_dV_mV
impure,11_12,2.7669336915e-05,2.7669336914999997e-05,1.5624999999999967,1.6280165039062469,1.0000000000000009
impure,11_21,2.7669336915e-05,2.7669336914999997e-05,1.562499999999997,1.6280165039062482,1.0000000000000009
impure,11_22,1.95651757635318e-05,1.956517576353176e-05,1.562499999999997,1.629611816406247,1.0000000000000009
impure,12_13,2.7669336915e-05,2.7669336914999997e-05,1.5624999999999967,1.6280165039062482,1.0000000000000009
impure,12_21,1.95651757635318e-05,1.956517576353176e-05,1.5624999999999964,1.6288140624999978,1.0000000000000009
impure,12_22,2.7669336915e-05,2.7669336914999997e-05,1.562499999999997,1.6272191406249925,1.0000000000000009
impure,12_23,1.95651757635318e-05,1.956517576353176e-05,1.5624999999999964,1.628016503906243,1.0000000000000009
impure,13_14,2.7669336915e-05,2.7669336914999997e-05,1.0008395046552419,1.0048085911877178,1.251000000000002
impure,13_22,1.95651757635318e-05,1.956517576353176e-05,1.562499999999996,1.6277506944444398,1.0000000000000009
impure,13_23,2.7669336915e-05,2.7669336914999997e-05,1.562499999999997,1.6256250000000017,1.0000000000000009
impure,13_24,1.95651757635318e-05,1.956517576353176e-05,1.5624999999999964,1.6320062499999999,1.0000000000000009
impure,14_23,1.95651757635318e-05,1.956517576353176e-05,1.0008701599018714,1.0027330132074983,1.251000000000002
impure,14_24,2.7669336915e-05,2.7669336914999997e-05,1.0008594971544549,1.0026796504443092,1.251000000000002
impure,21_22,2.7669336915e-05,2.7669336914999997e-05,1.0008421703102452,1.0031466227674803,1.251000000000002
impure,21_31,2.7669336915e-05,2.7669336914999997e-05,1.0008528329658701,1.0025996089619085,1.251000000000002
impure,21_32,1.95651757635318e-05,1.956517576353176e-05,1.0011222333967278,1.0028534650456016,1.2508333333330068
impure,22_23,2.7669336915e-05,2.7669336914999997e-05,1.0008804894935281,1.0019753950476689,1.251000000000002
impure,22_31,1.95651757635318e-05,1.956517576353176e-05,1.0009441720252732,1.0027931597283544,1.2509500000000007
impure,22_32,2.7669336915e-05,2.7669336914999997e-05,1.0008528329657869,1.003066562648283,1.251000000000002
impure,22_33,1.95651757635318e-05,1.956517576353176e-05,1.0010395217497876,1.0027799291608945,1.2508999999999992
impure,23_24,2.7669336915e-05,2.7669336914999997e-05,1.00083950465524,1.002122094519082,1.251000000000002
impure,23_32,1.95651757635318e-05,1.956517576353176e-05,1.0009861735198704,1.0013127840107126,1.2509333333333013
impure,23_33,2.7669336915e-05,2.7669336914999997e-05,1.000986173518879,1.0013061179568163,1.250933333334009
impure,23_34,1.95651757635318e-05,1.956517576353176e-05,1.000839504655254,1.0015673602764426,1.251000000000002
impure,24_33,1.95651757635318e-05,1.956517576353176e-05,1.0011195520914655,1.0014435393229795,1.2508499999999978
impure,24_34,2.7669336915e-05,2.7669336914999997e-05,1.0016795330848705,1.002005202523194,1.2504999999999877
impure,31_32,2.7669336915e-05,2.7669336914999997e-05,1.001012847101058,1.001339466295202,1.250916666667018
impure,31_41,2.7669336915e-05,2.7669336914999997e-05,1.0009595010041359,1.0012861027920275,1.2509500000000007
impure,31_42,1.95651757635318e-05,1.956517576353176e-05,1.0010121805859136,1.001339466295202,1.250916666667004
impure,32_33,2.7669336915e-05,2.7669336914999997e-05,1.001012847101242,1.0013328000648378,1.250916666667004
impure,32_41,1.95651757635318e-05,1.956517576353176e-05,1.0009861735204861,1.0013061179584408,1.2509333333329957
impure,32_42,2.7669336915e-05,2.7669336914999997e-05,1.0010395217498052,1.001366149647421,1.2508999999999992
impure,32_43,1.95651757635318e-05,1.956517576353176e-05,1.000908146403254,1.0026396293037514,1.2509999999999994
impure,33_34,2.7669336915e-05,2.7669336914999997e-05,1.000986173519982,1.0013061179579494,1.2509333333333013
impure,33_42,1.95651757635318e-05,1.956517576353176e-05,1.0011528970587529,1.00446466575482,1.250833333332979
impure,33_43,2.7669336915e-05,2.7669336914999997e-05,1.001189592459391,1.005196745781214,1.2507999999999964
impure,33_44,1.95651757635318e-05,1.956517576353176e-05,1.0009374979183367,1.0033151924941233,1.250962500000008
impure,34_43,1.95651757635318e-05,1.956517576353176e-05,1.0010341894914634,1.0046620683048215,1.2508999999999992
impure,34_44,2.7669336915e-05,2.7669336914999997e-05,1.0008634956781985,1.0024862223309103,1.2509999999999466
impure,41_42,2.7669336915e-05,2.7669336914999997e-05,1.0010195258542283,1.0054701938627473,1.2508999999999992
impure,41_51,2.7669336915e-05,2.7669336914999997e-05,1.0009574632868952,1.0046116194823622,1.251000000000002
impure,41_52,1.95651757635318e-05,1.956517576353176e-05,1.0008501672966716,1.0059306964345112,1.251000000000002
impure,42_43,2.7669336915e-05,2.7669336914999997e-05,1.0008328405332128,1.0026996613141104,1.251000000000002
impure,42_51,1.95651757635318e-05,1.956517576353176e-05,1.0007355468782424,1.0012393925786263,1.2510000000000003
impure,42_52,2.7669336915e-05,2.7669336914999997e-05,1.000983553407311,1.0070273923073694,1.2508749999999846
impure,42_53,1.95651757635318e-05,1.956517576353176e-05,1.0009535408157753,1.0015408174445553,1.2508999999999992
impure,43_44,2.7669336915e-05,2.7669336914999997e-05,1.001066197463615,1.0013928340656455,1.2508833333332996
impure,43_52,1.95651757635318e-05,1.956517576353176e-05,1.0011355593114062,1.0014555514974843,1.25084
impure,43_53,2.7669336915e-05,2.7669336914999997e-05,1.0011195520913687,1.0014395391610988,1.25085
impure,43_54,1.95651757635318e-05,1.956517576353176e-05,1.001086338986244,1.0014075156404052,1.2508700000000013
impure,44_53,1.95651757635318e-05,1.956517576353176e-05,1.0011671749322366,1.0014875773223977,1.2508199999999996
impure,44_54,2.7669336915e-05,2.7669336914999997e-05,1.0011035452553434,1.0014235272087453,1.2508599999999994
impure,51_52,2.7669336915e-05,2.7669336914999997e-05,1.0009861735198173,1.0013061179579028,1.2509333333333
impure,52_53,2.7669336915e-05,2.7669336914999997e-05,1.0010715327348412,1.0013915044560773,1.2508799999999993
impure,53_54,2.7669336915e-05,2.7669336914999997e-05,1.0010879387420517,1.0014075156404059,1.2508700000000013
pure,11_12,2.7669336915e-05,2.7669336914999997e-05,1.0008909857456363,1.0048820432063235,1.251000000000002
pure,11_21,2.7669336915e-05,2.7669336914999997e-05,1.000839504655241,1.0046016044877493,1.251000000000002
pure,11_22,1.95651757635318e-05,1.956517576353176e-05,1.0008594971541875,1.0029998483223448,1.251000000000002
pure,12_13,2.7669336915e-05,2.7669336914999997e-05,1.0009861735188677,1.0013061179568177,1.250933333334009
pure,12_21,1.95651757635318e-05,1.956517576353176e-05,1.0013330132621001,1.0016530685601719,1.2507166666667
pure,12_22,2.7669336915e-05,2.7669336914999997e-05,1.0009761890887972,1.0046152656167908,1.2509166666669902
pure,12_23,1.95651757635318e-05,1.956517576353176e-05,1.0010395217497832,1.0013594832393844,1.2508999999999992
pure,13_14,2.7669336915e-05,2.7669336914999997e-05,1.0011195520914444,1.0014395391611064,1.2508499999999978
pure,13_22,1.95651757635318e-05,1.956517576353176e-05,1.0010661974640338,1.0013861674799693,1.2508833333332996
pure,13_23,2.7669336915e-05,2.7669336914999997e-05,1.0010661974640263,1.0013861674800186,1.2508833333332996
pure,13_24,1.95651757635318e-05,1.956517576353176e-05,1.001039521749793,1.0013594832393822,1.2508999999999992
pure,14_23,1.95651757635318e-05,1.956517576353176e-05,1.000837005606879,1.0019343877977374,1.251000000000002
pure,14_24,2.7669336915e-05,2.7669336914999997e-05,1.0008544990109474,1.002654637137846,1.251000000000002
pure,21_22,2.7669336915e-05,2.7669336914999997e-05,1.0011729109846537,1.0014929151093472,1.2508166666665987
pure,21_31,2.7669336915e-05,2.7669336914999997e-05,1.0012529573231461,1.0015729870330288,1.2507666666666943
pure,21_32,1.95651757635318e-05,1.956517576353176e-05,1.0011729109839749,1.001492915108704,1.250816666667001
pure,22_23,2.7669336915e-05,2.7669336914999997e-05,1.0010661974640434,1.0013861674799678,1.2508833333333005
pure,22_31,1.95651757635318e-05,1.956517576353176e-05,1.001359700708743,1.0016864330772093,1.2507000000000004
pure,22_32,2.7669336915e-05,2.7669336914999997e-05,1.0010395217497927,1.0013594832393844,1.2508999999999992
pure,22_33,1.95651757635318e-05,1.956517576353176e-05,1.0011989253912301,1.001519604683583,1.2507999999999964
pure,23_24,2.7669336915e-05,2.7669336914999997e-05,1.0010128471018904,1.00133280006548,1.2509166666666016
pure,23_32,1.95651757635318e-05,1.956517576353176e-05,1.0011995920308372,1.0015196046835833,1.2507999999999964
pure,23_33,2.7669336915e-05,2.7669336914999997e-05,1.001119552091478,1.0014395391611022,1.2508499999999978
pure,23_34,1.95651757635318e-05,1.956517576353176e-05,1.0011202186779868,1.0014395391610946,1.2508500000000013
pure,24_33,1.95651757635318e-05,1.956517576353176e-05,1.000943520639021,1.0029519806827154,1.2509299999999972
pure,24_34,2.7669336915e-05,2.7669336914999997e-05,1.0011555942899564,1.0016708284505114,1.2508
pure,31_32,2.7669336915e-05,2.7669336914999997e-05,1.0010928742445027,1.0014128527871298,1.2508666666667008
pure,31_41,2.7669336915e-05,2.7669336914999997e-05,1.0010661974639874,1.001386167480017,1.2508833333332996
pure,31_42,1.95651757635318e-05,1.956517576353176e-05,1.0010661974640747,1.0013861674800155,1.2508833333332996
pure,32_33,2.7669336915e-05,2.7669336914999997e-05,1.0008888198478343,1.0020594125217066,1.251000000000002
pure,32_41,1.95651757635318e-05,1.956517576353176e-05,1.0015238641550643,1.0018599902982523,1.2505874999999973
pure,32_42,2.7669336915e-05,2.7669336914999997e-05,1.0015804288317165,1.0019200763610823,1.250549999999996
pure,32_43,1.95651757635318e-05,1.956517576353176e-05,1.0011947922302222,1.0024759470574887,1.2508000000000519
pure,33_34,2.7669336915e-05,2.7669336914999997e-05,1.0012841417526548,1.0017297099504017,1.2507499999999672
pure,33_42,1.95651757635318e-05,1.956517576353176e-05,1.0007194819496579,1.003865252470877,1.2511249999999918
pure,33_43,2.7669336915e-05,2.7669336914999997e-05,1.0009249739871386,1.0025195706743377,1.251000000000002
pure,33_44,1.95651757635318e-05,1.956517576353176e-05,1.0008639954942065,1.0028447460918597,1.251000000000002
pure,34_43,1.95651757635318e-05,1.956517576353176e-05,1.0012075917239582,1.0020369332450676,1.2507999999999964
pure,34_44,2.7669336915e-05,2.7669336914999997e-05,1.00132409676913,1.0022199882169,1.250700000000049
pure,41_42,2.7669336915e-05,2.7669336914999997e-05,1.001470305169783,1.001859934500447,1.2506250000000052
pure,41_51,2.7669336915e-05,2.7669336914999997e-05,1.0014124120209245,1.0017331596921828,1.2506666666666986
pure,41_52,1.95651757635318e-05,1.956517576353176e-05,1.0012996554538165,1.0016197000900746,1.2507375000000014
pure,42_43,2.7669336915e-05,2.7669336914999997e-05,1.0008629958623474,1.003440203872035,1.251000000000002
pure,42_51,1.95651757635318e-05,1.956517576353176e-05,1.000883488417063,1.0022794749811532,1.251000000000002
pure,42_52,2.7669336915e-05,2.7669336914999997e-05,1.0008644953104144,1.0013193797479523,1.251000000000002
pure,42_53,1.95651757635318e-05,1.956517576353176e-05,1.000858997339514,1.004336225320447,1.251000000000002
pure,43_44,2.7669336915e-05,2.7669336914999997e-05,1.0008325073276834,1.0033451189249838,1.251000000000002
pure,43_52,1.95651757635318e-05,1.956517576353176e-05,1.000919503419558,1.0022995508283434,1.2509624999999802
pure,43_53,2.7669336915e-05,2.7669336914999997e-05,1.0007395008115503,1.0030046715488883,1.2510749999999973
pure,43_54,1.95651757635318e-05,1.956517576353176e-05,1.0008704931140835,1.001399370112129,1.251000000000002
pure,44_53,1.95651757635318e-05,1.956517576353176e-05,1.0010195156637935,1.0015744703404725,1.2509125000000065
pure,44_54,2.7669336915e-05,2.7669336914999997e-05,1.0010310337750394,1.0015044976611154,1.250887500000006
pure,51_52,2.7669336915e-05,2.7669336914999997e-05,1.0008794898529285,1.001404369616065,1.251000000000002
pure,52_53,2.7669336915e-05,2.7669336914999997e-05,1.0008854877019489,1.001459364982006,1.251000000000002
pure,53_54,2.7669336915e-05,2.7669336914999997e-05,1.0008794898532825,1.0014243677563281,1.2509999999999466
