wavenumber_mid,wavenumber_pos_axis,wavenumber_neg_axis,raw_pos,raw_neg,denoised_pos,denoised_neg
200.0,200.0,200.0,5.526082119773094e-09,1.1934322553768657e-08,-1.6289965624053526e-10,-2.0326536692239652e-09
208.0,208.0,208.0,6.334348047792775e-09,3.0894980287757964e-08,4.9410026617551005e-11,-1.9125885537454596e-09
216.0,216.0,216.0,4.4549257339313825e-09,4.702686192213112e-08,1.2052238610270467e-10,-1.0503687995989386e-09
224.0,224.0,224.0,6.037142063577351e-09,5.952792155946557e-08,-3.611472661944043e-11,-9.96798924710338e-10
232.0,232.0,232.0,1.19931514002443e-08,6.809085691018519e-08,3.418654999456239e-10,-3.140613306170915e-10
240.0,240.0,240.0,2.058685460488373e-08,7.349282882028969e-08,-1.7206289796595108e-10,-6.792825463901711e-12
248.0,248.0,248.0,2.8684469396804848e-08,7.71261711968928e-08,4.836012689772106e-10,3.8490120692207185e-10
256.0,256.0,256.0,2.855685669747756e-08,8.076343708483872e-08,8.264015140776574e-11,8.608928170241546e-10
264.0,264.0,264.0,2.2483436941082566e-08,8.847474045257251e-08,5.511639022244783e-10,8.284886263882762e-10
272.0,272.0,272.0,1.6217065206013722e-08,1.0047337047449709e-07,-1.506608126048226e-11,1.239166115756626e-09
280.0,280.0,280.0,1.268168245808694e-08,1.1368068515569186e-07,6.460006282311982e-10,1.4589097579528978e-09
288.0,288.0,288.0,1.3635155684299891e-08,1.227164989178803e-07,2.887964354846492e-10,1.7403567978449325e-09
296.0,296.0,296.0,1.557579783704965e-08,1.1492702106535196e-07,6.210405630668525e-10,1.737964573173624e-09
304.0,304.0,304.0,1.0678721702541583e-08,9.596598543872913e-08,4.046219139485612e-10,1.6164340968580831e-09
312.0,312.0,312.0,-1.0283076572586405e-12,7.428658736795808e-08,5.768156238651976e-10,1.6290508844714206e-09
320.0,320.0,320.0,-1.403885099113472e-08,5.418789118102888e-08,3.073384871721414e-10,1.4181015637498883e-09
328.0,328.0,328.0,-2.764568855158685e-08,3.655662358550094e-08,6.564772907425982e-11,1.1866501300250325e-09
336.0,336.0,336.0,-3.5344212576261975e-08,9.53608281754148e-09,9.396476185972759e-11,6.90524800893198e-10
344.0,344.0,344.0,-3.9084758163959557e-08,-2.083835693959243e-08,-2.6622607913032906e-10,4.0562202015263234e-10
352.0,352.0,352.0,-4.0253143038382324e-08,-4.761622984541024e-08,-2.0198575623140845e-10,-5.696716047038424e-11
360.0,360.0,360.0,-4.00208705096853e-08,-6.645123006369785e-08,-5.293394217243842e-10,-2.5437105837258614e-10
368.0,368.0,368.0,-3.945918404331703e-08,-7.63054015409852e-08,-4.532007821488058e-10,-4.2281333672378596e-10
376.0,376.0,376.0,-4.052204815037022e-08,-8.573413163339026e-08,-6.800420284329681e-10,-6.123124241470865e-10
384.0,384.0,384.0,-4.120140709679282e-08,-1.0010045945169659e-07,-4.103827741894927e-10,-6.38805881091322e-10
392.0,392.0,392.0,-4.0214473120893374e-08,-1.1798567746899383e-07,-6.252653616342878e-10,-6.458001294901812e-10
400.0,400.0,400.0,-3.6933510696010627e-08,-1.3626315461192766e-07,-3.6035751680005056e-10,-4.738866557139983e-10
408.0,408.0,408.0,-3.187620315585695e-08,-1.484438368745663e-07,-4.76531133987001e-10,-5.907580649982062e-10
416.0,416.0,416.0,-2.6190606394183335e-08,-1.5017031330630456e-07,-7.032247146170878e-10,-5.733431705095729e-10
424.0,424.0,424.0,-2.297525763155931e-08,-1.4582876727426133e-07,-5.715656888411314e-10,-7.137536967743511e-10
432.0,432.0,432.0,-2.3147561885340074e-08,-1.420517336882805e-07,-6.349562539196896e-10,-6.998389814595624e-10
440.0,440.0,440.0,-2.6305975372184665e-08,-1.4564385619362415e-07,-5.265425027952792e-10,-9.33458984922085e-10
448.0,448.0,448.0,-2.8159215066330535e-08,-1.6068440361853722e-07,-3.8700138630812955e-10,-8.589940605730545e-10
456.0,456.0,456.0,-2.2772372005658316e-08,-1.6842286925156365e-07,-5.010662753150712e-10,-9.20551178905653e-10
464.0,464.0,464.0,-1.2388399163708569e-08,-1.641361077933117e-07,-6.277681815138294e-10,-9.902750396831704e-10
472.0,472.0,472.0,-4.919720015624776e-10,-1.5076960501874213e-07,-7.527681332267417e-10,-1.2428589893670997e-09
480.0,480.0,480.0,8.792123125419128e-09,-1.3502566467591475e-07,-9.406077277413593e-10,-1.1157275897064705e-09
488.0,488.0,488.0,1.136376875460434e-08,-1.2577905911672755e-07,-9.611949692754395e-10,-1.6097801058617127e-09
496.0,496.0,496.0,1.1538785620289175e-08,-1.1785240952425539e-07,-5.952002031740216e-10,-1.3077524991696136e-09
504.0,504.0,504.0,1.1943871736316491e-08,-1.0745725352487071e-07,-5.562131331310963e-10,-1.6092856621034558e-09
512.0,512.0,512.0,1.365386629869334e-08,-9.418329172721512e-08,-5.401114668880429e-10,-8.907437678666174e-10
520.0,520.0,520.0,1.693497248707797e-08,-7.992021074843148e-08,-4.5480769869108645e-10,-1.2843855903266542e-09
528.0,528.0,528.0,1.8326317301298748e-08,-6.852541372259248e-08,-4.803111385484365e-10,-6.021177434758055e-10
536.0,536.0,536.0,1.3537261776081553e-08,-5.553571262193718e-08,-1.2182944021931977e-10,-1.2380896351921803e-09
544.0,544.0,544.0,5.8640027492270895e-09,-3.987579588466662e-08,-3.782876237385517e-10,-3.964449796982413e-10
552.0,552.0,552.0,-1.6803137659076854e-09,-2.2140936417211487e-08,1.2753395030192448e-10,-1.045926404702584e-09
560.0,560.0,560.0,-5.8076679941326605e-09,-5.2894564322390916e-09,-2.8794448270367777e-10,-2.964828538009602e-10
568.0,568.0,568.0,-7.2000795335374e-09,2.0296173840642276e-09,-1.0848239819655881e-11,-9.066675267760924e-10
576.0,576.0,576.0,-1.158698500418856e-08,3.900238496340435e-09,-4.636252277025581e-10,1.3249716699192566e-10
584.0,584.0,584.0,-2.234106178387636e-08,6.794380574239207e-09,2.6894557114484922e-11,-4.1238991805218995e-10
592.0,592.0,592.0,-3.859711236557745e-08,1.5744282089208986e-08,-4.5637030526832293e-10,5.616643884019043e-10
600.0,600.0,600.0,-5.223374265265378e-08,3.3432585184214806e-08,1.9419521206444902e-10,-6.643126583156799e-11
608.0,608.0,608.0,-5.1220957534598865e-08,5.410565517192975e-08,-4.0413691750614237e-10,2.0581162391714948e-10
616.0,616.0,616.0,-4.785064157501527e-08,7.13070912559808e-08,1.9666662218603486e-10,-2.1289649466630193e-10
624.0,624.0,624.0,-4.5496363896157734e-08,8.111795952348998e-08,-4.34601789845747e-10,2.827125181173468e-10
632.0,632.0,632.0,-4.53919538045284e-08,8.204050388066101e-08,6.757911470587629e-13,3.113988819063536e-10
640.0,640.0,640.0,-4.432041131099592e-08,8.049579051962157e-08,-5.70738946017097e-10,9.90428763941968e-10
648.0,648.0,648.0,-4.086671580634394e-08,9.041439433393505e-08,1.2186077296111378e-10,9.167136175993573e-10
656.0,656.0,656.0,-3.8143966521624e-08,1.084319076331923e-07,-6.672868171049616e-10,1.0616978769882803e-09
664.0,664.0,664.0,-3.847619986694357e-08,1.2872789663504644e-07,8.628628904410096e-11,7.535440967281472e-10
672.0,672.0,672.0,-4.291885682362438e-08,1.4408198322100013e-07,-4.211841368387137e-10,6.654341163185714e-10
680.0,680.0,680.0,-4.671941176152448e-08,1.463088815081563e-07,2.3571278929705507e-10,6.263143731010526e-10
688.0,688.0,688.0,-4.340188247380888e-08,1.435606885481205e-07,-3.6098566061505714e-10,7.888324912764159e-10
696.0,696.0,696.0,-3.7014159556048983e-08,1.4136429769756934e-07,1.593091242729635e-10,8.226832508058692e-10
704.0,704.0,704.0,-3.058779300898333e-08,1.4227067482207163e-07,-6.447101967694881e-10,8.212251808321438e-10
712.0,712.0,712.0,-2.6864019282168113e-08,1.4739102142554175e-07,-7.687039580015533e-11,5.439216617848734e-10
720.0,720.0,720.0,-2.8036587263742775e-08,1.524257079840508e-07,-7.463629044327341e-10,6.675355793073245e-10
728.0,728.0,728.0,-2.9425198106910627e-08,1.5061769875211403e-07,-3.5120679020091456e-11,5.548496903480735e-10
736.0,736.0,736.0,-2.681851772306975e-08,1.4295732216728676e-07,-3.9049522448465906e-10,1.0091980133065408e-09
744.0,744.0,744.0,-2.0182026441654076e-08,1.316957799420946e-07,7.509397952195097e-11,9.644236921512672e-10
752.0,752.0,752.0,-1.1673919204529176e-08,1.205130759783228e-07,-2.2827847055011493e-11,1.240947653609585e-09
760.0,760.0,760.0,-9.9445847543735e-09,1.1566896560393079e-07,4.306809997406833e-10,1.2693381726493627e-09
768.0,768.0,768.0,-1.1209314177217188e-08,1.1456575570770959e-07,4.285550199404486e-10,1.2844647629409046e-09
776.0,776.0,776.0,-1.1230689756182657e-08,1.1171882433157011e-07,6.019303888263893e-10,1.4635561943337085e-09
784.0,784.0,784.0,-7.127104358476616e-09,1.0149297737609272e-07,8.929869919370472e-10,1.178024730665004e-09
792.0,792.0,792.0,2.8175847271239636e-09,7.596404948211773e-08,9.599173224965752e-10,1.1209095451317897e-09
800.0,800.0,800.0,5.8316005096673075e-09,3.918832046168065e-08,1.2910991404880898e-09,3.216762265912164e-10
808.0,808.0,808.0,-3.1432008438283508e-09,8.768000431309133e-09,1.1182890445571365e-09,3.5912020081787494e-11
816.0,816.0,816.0,-1.960812089913161e-08,-1.020300498879274e-08,1.2033785537921816e-09,-2.834618083547425e-10
824.0,824.0,824.0,-3.703639607301429e-08,-1.7516338944595226e-08,5.459914968032126e-10,-4.81103172755588e-10
832.0,832.0,832.0,-4.356183621051943e-08,-2.3876408336638917e-08,6.283171527145856e-10,-9.109120414809285e-10
840.0,840.0,840.0,-2.9201061770914365e-08,-3.6777418036207753e-08,3.8365364779038716e-10,-8.936597024376371e-10
848.0,848.0,848.0,-1.0021977165717809e-08,-4.7000550736769627e-08,6.785520737682895e-10,-1.3001157819496675e-09
856.0,856.0,856.0,3.261552298364429e-09,-5.176235609558161e-08,4.32971100981548e-10,-1.2678749682648558e-09
864.0,864.0,864.0,3.5725139851927393e-09,-5.062440307923712e-08,4.4702449673154456e-10,-1.0614707306553076e-09
872.0,872.0,872.0,-4.756748169568653e-09,-4.8897170862231814e-08,3.200407113808829e-10,-8.349875581790459e-10
880.0,880.0,880.0,-2.1256056043769107e-09,-4.7423984361659924e-08,4.5530481234294963e-10,-8.041597343412982e-10
888.0,888.0,888.0,1.4500272683762188e-08,-4.427111110942499e-08,3.559551959798455e-10,-6.885030239597735e-10
896.0,896.0,896.0,4.142261558638505e-08,-3.876614866958401e-08,3.214251539040019e-10,-1.192053891996112e-09
904.0,904.0,904.0,7.160283988904e-08,-3.0863066433351715e-08,3.046081102067645e-10,-6.693894096640867e-10
912.0,912.0,912.0,9.147996612385795e-08,-2.1503865299490904e-08,-1.6992373556603495e-10,-1.0288432958386501e-09
920.0,920.0,920.0,1.0422365583407071e-07,-1.2949642016985314e-08,7.300409462951012e-11,-7.012693256150679e-10
928.0,928.0,928.0,1.1557497220489493e-07,-8.082258385402994e-09,3.666394170470869e-11,-7.255411743582636e-10
936.0,936.0,936.0,1.2903730855132448e-07,-8.471255311805454e-09,9.851816271717778e-11,-6.46756516186448e-10
944.0,944.0,944.0,1.4736093459986798e-07,-1.4731385246375466e-08,1.662959919563244e-11,-7.952430598576361e-10
952.0,952.0,952.0,1.7539282613688645e-07,-1.523767758170447e-08,-3.436767660370076e-10,-7.7180981442738e-10
960.0,960.0,960.0,2.073863731705077e-07,-7.307016576776947e-09,-7.018857116293849e-10,-8.797288137288868e-10
968.0,968.0,968.0,2.365476970664906e-07,2.2578154497415046e-09,-1.2608695781946006e-09,-1.1104511611227718e-09
976.0,976.0,976.0,2.578575029975903e-07,7.833742224004803e-09,-9.89020497752823e-10,-1.182890406386184e-09
984.0,984.0,984.0,2.670232461052506e-07,4.202251932058777e-09,-1.3531505485466217e-09,-1.4295824143219307e-09
992.0,992.0,992.0,2.629289667243978e-07,-4.91880331792385e-09,-4.849635308457536e-10,-1.33720204177718e-09
1000.0,1000.0,1000.0,2.571609187191251e-07,-1.4088934909167339e-08,-8.51525443962094e-10,-1.3048554592302698e-09
1008.0,1008.0,1008.0,2.5595778743855617e-07,-2.3016981907333955e-08,5.752116339370623e-11,-1.2252478576983981e-09
1016.0,1016.0,1016.0,2.6254166292129467e-07,-3.192193473655832e-08,-3.6453985379032294e-10,-1.1077763384820505e-09
1024.0,1024.0,1024.0,2.7614882086897957e-07,-4.1634084304101234e-08,7.251294973018044e-10,-1.4375706333039773e-09
1032.0,1032.0,1032.0,2.7833938888695164e-07,-5.356672112812212e-08,1.3257836769843483e-10,-1.0714677365115013e-09
1040.0,1040.0,1040.0,2.634861973437135e-07,-6.666463096287933e-08,1.0668429673441886e-09,-1.133689196255116e-09
1048.0,1048.0,1048.0,2.3785916195003164e-07,-7.888818925231909e-08,4.911413052421415e-10,-1.0119716220106978e-09
1056.0,1056.0,1056.0,2.101034803539081e-07,-8.850394005206324e-08,1.0393489164268578e-09,-1.1874470932665343e-09
1064.0,1064.0,1064.0,1.9426517857748005e-07,-9.565675096768772e-08,2.1008073244962896e-10,-8.90628243624034e-10
1072.0,1072.0,1072.0,1.8858152878437477e-07,-1.0481272801528882e-07,5.399870087706997e-10,-1.2244118729349571e-09
1080.0,1080.0,1080.0,1.7798816645569892e-07,-1.12876477055201e-07,2.5222074146524725e-11,-8.950855283116548e-10
1088.0,1088.0,1088.0,1.5435217176949215e-07,-1.1800619539598235e-07,7.478359155418338e-11,-1.1962159480637976e-09
1096.0,1096.0,1096.0,1.1371801437583754e-07,-1.1914729970828809e-07,-1.0017779682215732e-10,-1.3148719758474333e-09
1104.0,1104.0,1104.0,6.501329930282166e-08,-1.1964964060107965e-07,-2.8225778902648477e-10,-1.1959037758882833e-09
1112.0,1112.0,1112.0,3.200989499754951e-08,-1.2120712344710907e-07,-1.2443532055927268e-10,-1.4440450226112114e-09
1120.0,1120.0,1120.0,1.5023852785568877e-08,-1.2422016985289686e-07,-5.245454223777137e-10,-1.5844529816705989e-09
1128.0,1128.0,1128.0,8.766506933901016e-09,-1.2853863486008946e-07,-3.319165778463986e-10,-2.0549653539631143e-09
1136.0,1136.0,1136.0,4.05255880185394e-09,-1.3355163366745754e-07,-9.251746131261627e-10,-1.7622468447707063e-09
1144.0,1144.0,1144.0,-1.987127875706714e-08,-1.3467521690565967e-07,-4.3267433203837835e-10,-2.3991538667227125e-09
1152.0,1152.0,1152.0,-5.777856126425066e-08,-1.3318424316312927e-07,-1.303271596192398e-09,-1.7054059394614385e-09
1160.0,1160.0,1160.0,-9.566884353196027e-08,-1.320449264472812e-07,-8.993285026932565e-10,-2.5580384137321282e-09
1168.0,1168.0,1168.0,-1.2604121802370144e-07,-1.3342711968772508e-07,-1.3378513393646062e-09,-2.0963203629143517e-09
1176.0,1176.0,1176.0,-1.4489147524631443e-07,-1.3920695794316352e-07,-7.611904152962549e-10,-2.7909769781957326e-09
1184.0,1184.0,1184.0,-1.5300520469453788e-07,-1.4745053787230926e-07,-1.0511040472228468e-09,-3.014109023443136e-09
1192.0,1192.0,1192.0,-1.615659384099144e-07,-1.5193309371904368e-07,-5.623821790291557e-10,-3.51788508673635e-09
1200.0,1200.0,1200.0,-1.7617744954089241e-07,-1.5079850887617185e-07,-1.0939831546704596e-09,-3.4714860326333844e-09
1208.0,1208.0,1208.0,-1.9946350907641652e-07,-1.4356377740964664e-07,-1.0835534206736023e-09,-3.6113317737121992e-09
1216.0,1216.0,1216.0,-2.307316205505093e-07,-1.312927032290707e-07,-2.0042727001882413e-09,-3.3021016155758363e-09
1224.0,1224.0,1224.0,-2.5719769588742356e-07,-1.2202899720671114e-07,-2.4569856106245903e-09,-3.1473498584926516e-09
1232.0,1232.0,1232.0,-2.704015931048022e-07,-1.1929595938429082e-07,-3.5227907081734103e-09,-3.0579045205270276e-09
1240.0,1240.0,1240.0,-2.732080406788118e-07,-1.2079818446923134e-07,-4.043707077666664e-09,-2.9278897384597334e-09
1248.0,1248.0,1248.0,-2.7129126408888014e-07,-1.2281053174919097e-07,-4.7027362219117665e-09,-2.832196027949476e-09
1256.0,1256.0,1256.0,-2.759954030318174e-07,-1.1817842242822497e-07,-6.736429506630767e-09,-2.203084889951642e-09
1264.0,1264.0,1264.0,-2.912393421301581e-07,-1.0533366779769523e-07,-8.905372618649861e-09,-2.2980719001619358e-10
1272.0,1272.0,1272.0,-3.0636735034058155e-07,-9.116159650915412e-08,-1.1911412402108818e-08,1.618550295605779e-09
1280.0,1280.0,1280.0,-3.16157542952003e-07,-7.924512363177907e-08,-1.376260901151652e-08,5.066861240983e-09
1288.0,1288.0,1288.0,-3.1773638494688336e-07,-7.163711310788855e-08,-1.516357612229466e-08,7.47745847707905e-09
1296.0,1296.0,1296.0,-3.1188382043261885e-07,-6.430013375280232e-08,-1.5095698390257733e-08,1.1561457535288753e-08
1304.0,1304.0,1304.0,-3.1289452221215506e-07,-4.5182660433972115e-08,-1.5474440460694554e-08,1.5565088688418063e-08
1312.0,1312.0,1312.0,-3.178087037388699e-07,-1.3405177621092891e-08,-1.6036286299173474e-08,2.2241692451375856e-08
1320.0,1320.0,1320.0,-3.182385681105757e-07,2.754086606408355e-08,-1.642103357646032e-08,2.9233215504992325e-08
1328.0,1328.0,1328.0,-3.046575143288096e-07,7.133759212053998e-08,-1.4657107984740498e-08,3.868269354598893e-08
1336.0,1336.0,1336.0,-2.698187315068654e-07,1.0901894905225811e-07,-1.0333223504279845e-08,4.763611356997904e-08
1344.0,1344.0,1344.0,-2.3062694100500217e-07,1.4368885658531792e-07,-3.958371116714108e-09,5.857595415324662e-08
1352.0,1352.0,1352.0,-1.9751454260615497e-07,1.7818919219263842e-07,3.3058867032039454e-09,6.90903467795861e-08
1360.0,1360.0,1360.0,-1.726876537886594e-07,2.1299362950323033e-07,7.911639039864285e-09,7.989847699296989e-08
1368.0,1368.0,1368.0,-1.5402970777025474e-07,2.4697782292157867e-07,1.4871455258517216e-08,8.960521119477336e-08
1376.0,1376.0,1376.0,-1.2242370113338544e-07,2.7741507007741454e-07,2.0824746232740015e-08,1.0031628543577836e-07
1384.0,1384.0,1384.0,-7.275433460575601e-08,3.0572983560976945e-07,3.354313685264452e-08,1.0902880712095856e-07
1392.0,1392.0,1392.0,-1.4557101163797364e-08,3.313489845484909e-07,4.5639049582528005e-08,1.1629408545636354e-07
1400.0,1400.0,1400.0,4.281395054253712e-08,3.532331084179871e-07,5.927335336539103e-08,1.2106863729800519e-07
1408.0,1408.0,1408.0,8.75239625866434e-08,3.693826754276088e-07,6.6997222484695e-08,1.2392423063050947e-07
1416.0,1416.0,1416.0,1.1581794073813195e-07,3.771397136620669e-07,7.248455212565378e-08,1.2240782307073192e-07
1424.0,1424.0,1424.0,1.465232747862536e-07,3.8005446855086547e-07,7.407881213998166e-08,1.1933778388376394e-07
1432.0,1432.0,1432.0,1.8105929660226975e-07,3.8138888301834115e-07,7.737510057567069e-08,1.1378039623457398e-07
1440.0,1440.0,1440.0,2.177220192951707e-07,3.841790844951324e-07,7.896584454549541e-08,1.1025801627926308e-07
1448.0,1448.0,1448.0,2.496845857048894e-07,3.9127452802296613e-07,7.920650629065652e-08,1.0566230294793913e-07
1456.0,1456.0,1456.0,2.7241198191511335e-07,3.962475687918684e-07,7.766026164294563e-08,1.0282340918381342e-07
1464.0,1464.0,1464.0,2.891859195639466e-07,3.9002076570155167e-07,7.562981494885197e-08,9.655907971197703e-08
1472.0,1472.0,1472.0,3.002184917134564e-07,3.713979275518122e-07,7.209041339491831e-08,8.914614722357676e-08
1480.0,1480.0,1480.0,3.051445554989781e-07,3.4184809059629893e-07,6.825869381583319e-08,7.84051044537224e-08
1488.0,1488.0,1488.0,3.014247775760095e-07,3.1048749729370433e-07,6.160841438232849e-08,6.723473621991777e-08
1496.0,1496.0,1496.0,2.9140855916542416e-07,2.8589440243350856e-07,5.6043501740697204e-08,5.78963454690836e-08
1504.0,1504.0,1504.0,2.840437143361447e-07,2.6668365535465765e-07,4.829095221352073e-08,4.952829099248023e-08
1512.0,1512.0,1512.0,2.8256489887834483e-07,2.507548827957427e-07,4.373905142552446e-08,4.3115689595343305e-08
1520.0,1520.0,1520.0,2.8759587880302253e-07,2.351694601976185e-07,3.7946571839989155e-08,3.614260770224247e-08
1528.0,1528.0,1528.0,2.896596063370489e-07,2.1376308462552922e-07,3.423365841885893e-08,3.0028847085713796e-08
1536.0,1536.0,1536.0,2.777424631110022e-07,1.889301100936226e-07,2.712508722953915e-08,2.262714950960913e-08
1544.0,1544.0,1544.0,2.565495081542318e-07,1.6930984569686347e-07,2.1056944825921792e-08,1.6967198513659728e-08
1552.0,1552.0,1552.0,2.3297276703296052e-07,1.5914268053833694e-07,1.571386830425666e-08,1.3086070294247973e-08
1560.0,1560.0,1560.0,2.152179646925244e-07,1.6011834016966596e-07,1.304605967941576e-08,1.1700750403014618e-08
1568.0,1568.0,1568.0,2.053790075012647e-07,1.6188509009806847e-07,1.14599210706856e-08,1.0439076981468069e-08
1576.0,1576.0,1576.0,1.8372198724644367e-07,1.5399437645203232e-07,1.1195084876553818e-08,9.794048759294775e-09
1584.0,1584.0,1584.0,1.4808360990016036e-07,1.3764371798501304e-07,9.528767309060024e-09,7.45848005181924e-09
1592.0,1592.0,1592.0,1.0231190028713044e-07,1.1618230810139207e-07,8.070174036187696e-09,6.783875569780293e-09
1600.0,1600.0,1600.0,5.555174841368991e-08,9.562192569699194e-08,5.302500300141233e-09,4.5614138242921975e-09
1608.0,1608.0,1608.0,2.8175661610945778e-08,8.352604911336036e-08,4.722244107611364e-09,4.016602728527647e-09
1616.0,1616.0,1616.0,1.5785712265934064e-08,7.325882455752428e-08,4.033819845512978e-09,2.687819888173512e-09
1624.0,1624.0,1624.0,5.116671186856321e-09,6.004345254817835e-08,4.40010542464106e-09,2.301313561752933e-09
1632.0,1632.0,1632.0,-1.4746793407754264e-08,4.0426901357296404e-08,3.252783957008244e-09,7.284229137534786e-10
1640.0,1640.0,1640.0,-5.365552589699864e-08,1.208293704695652e-08,1.896703508293277e-09,-5.701117777401389e-10
1648.0,1648.0,1648.0,-9.99529038793883e-08,-1.975373936094026e-08,-2.1270857523169967e-10,-1.8292381721303184e-09
1656.0,1656.0,1656.0,-1.3459594488921646e-07,-4.556689837770943e-08,-1.2283050912541242e-09,-2.8534309240595325e-09
1664.0,1664.0,1664.0,-1.5787749600132156e-07,-6.386296783821231e-08,-2.1980724727703272e-09,-4.112806799469584e-09
1672.0,1672.0,1672.0,-1.7463190153003636e-07,-7.582969057777643e-08,-2.503654118605369e-09,-4.375702186325966e-09
1680.0,1680.0,1680.0,-1.9812897631211643e-07,-8.87148764340696e-08,-3.499307556270358e-09,-5.406209236634247e-09
1688.0,1688.0,1688.0,-2.2758184930389212e-07,-1.0976408760509589e-07,-4.442759644896443e-09,-5.537968896861521e-09
1696.0,1696.0,1696.0,-2.5285756941727323e-07,-1.3428005293577935e-07,-5.789485197167549e-09,-7.089648626449268e-09
1704.0,1704.0,1704.0,-2.715707600526752e-07,-1.5756160404788445e-07,-5.999678937998478e-09,-7.044823166562611e-09
1712.0,1712.0,1712.0,-2.82634299681996e-07,-1.752461249305322e-07,-7.375584373622906e-09,-8.58673437157394e-09
1720.0,1720.0,1720.0,-2.8550604710307737e-07,-1.8605798149388476e-07,-7.441811700658234e-09,-7.671044658172627e-09
1728.0,1728.0,1728.0,-2.8014207476179017e-07,-2.0058711860280188e-07,-8.890099184209968e-09,-9.006546799228274e-09
1736.0,1736.0,1736.0,-2.6980516680433353e-07,-2.1940814336569514e-07,-7.965730262823636e-09,-8.062352480179617e-09
1744.0,1744.0,1744.0,-2.5713505114685516e-07,-2.3865353827000526e-07,-8.565689037909936e-09,-9.328838282263435e-09
1752.0,1752.0,1752.0,-2.4477421596473874e-07,-2.525896928304531e-07,-7.698665323659828e-09,-8.215311917147202e-09
1760.0,1760.0,1760.0,-2.342344158093353e-07,-2.5496044005608614e-07,-8.176193457532377e-09,-8.393869472506947e-09
1768.0,1768.0,1768.0,-2.2144227040543696e-07,-2.5267097589291115e-07,-7.25600353576931e-09,-6.814667247366139e-09
1776.0,1776.0,1776.0,-2.0458343506895543e-07,-2.4814183738554424e-07,-7.120423873920613e-09,-6.903357416194022e-09
1784.0,1784.0,1784.0,-1.8482043898150547e-07,-2.415195548671488e-07,-6.36504155544448e-09,-6.307853255901737e-09
1792.0,1792.0,1792.0,-1.6512655452769143e-07,-2.314726318585845e-07,-5.863719740504814e-09,-6.541422531385738e-09
1800.0,1800.0,1800.0,-1.49703316875827e-07,-2.1327700297404757e-07,-6.03688575379114e-09,-6.104568788971233e-09
1808.0,1808.0,1808.0,-1.3495916871650735e-07,-1.9112167706255635e-07,-6.172970641660735e-09,-5.709077449059491e-09
1816.0,1816.0,1816.0,-1.1469902365244803e-07,-1.691848585298334e-07,-6.9077771169947224e-09,-5.688729163003181e-09
1824.0,1824.0,1824.0,-8.535858522022384e-08,-1.506145704583131e-07,-5.8796980268567885e-09,-5.025148877041371e-09
1832.0,1832.0,1832.0,-4.630111419042712e-08,-1.3798567467209416e-07,-5.713675005849661e-09,-5.558798996025565e-09
1840.0,1840.0,1840.0,-1.9817443843894e-08,-1.2932867362983486e-07,-4.20137333168585e-09,-5.334645408409078e-09
1848.0,1848.0,1848.0,-8.610632794620999e-09,-1.208700432180118e-07,-4.594362775911991e-09,-5.753805149764869e-09
1856.0,1856.0,1856.0,-2.7001508944827524e-09,-1.1056025152152719e-07,-3.531696240985676e-09,-4.607152387792234e-09
1864.0,1864.0,1864.0,6.015152409082417e-09,-9.727087170442409e-08,-3.929716586271946e-09,-4.59173683286191e-09
1872.0,1872.0,1872.0,2.4969998400819945e-08,-8.132888276140474e-08,-2.761689888345292e-09,-3.4200234226177196e-09
1880.0,1880.0,1880.0,5.5604778251252514e-08,-6.702874858839903e-08,-2.301265092915156e-09,-3.372243417390966e-09
1888.0,1888.0,1888.0,8.281812805588966e-08,-5.451513962960891e-08,-1.1204886261359238e-09,-2.300765617434333e-09
1896.0,1896.0,1896.0,9.876329129703056e-08,-4.221591737687031e-08,-8.390186354276958e-10,-2.352274642523462e-09
1904.0,1904.0,1904.0,9.958822105792976e-08,-2.8525153148536923e-08,-5.000532047237767e-10,-1.0311285193892725e-09
1912.0,1912.0,1912.0,8.952532140602494e-08,-1.2661657434533432e-08,-7.448705365949884e-11,-1.0529056092778535e-09
1920.0,1920.0,1920.0,8.591252981663935e-08,1.917796489289333e-09,-8.611980577451138e-11,-9.049144849029708e-11
1928.0,1928.0,1928.0,9.010370744077176e-08,1.437636661826627e-08,6.428711535157766e-10,-6.892694888012332e-11
1936.0,1936.0,1936.0,9.580769771562896e-08,2.4848742512793e-08,4.1770372514637774e-10,5.570134850837138e-11
1944.0,1944.0,1944.0,9.614748562759597e-08,3.375309728584954e-08,9.8461589211982e-10,7.095909732332639e-11
1952.0,1952.0,1952.0,8.440407443228016e-08,4.016015844837681e-08,3.712567156467126e-10,1.2333891848099484e-10
1960.0,1960.0,1960.0,7.451942180657103e-08,4.254116463750416e-08,9.776090644145461e-10,1.7191619501389717e-10
1968.0,1968.0,1968.0,7.417828005316916e-08,4.0788738482923405e-08,5.170394786003719e-10,-1.1863312831155025e-11
1976.0,1976.0,1976.0,8.21814019705736e-08,3.633132728342093e-08,9.987062556274433e-10,3.7724492759704816e-11
1984.0,1984.0,1984.0,9.288477377390065e-08,3.179041824202566e-08,3.0696115932381024e-10,-8.978180874016139e-11
1992.0,1992.0,1992.0,9.012586837921037e-08,3.391255154707927e-08,9.821432625756735e-10,-1.0941172654800719e-11
2000.0,2000.0,2000.0,7.922868037318673e-08,4.224899448338321e-08,3.6005974664677846e-10,1.15997121816337e-10
2008.0,2008.0,2008.0,7.111052136609389e-08,5.560076273126853e-08,1.1593037447617773e-09,1.7420388308169463e-10
2016.0,2016.0,2016.0,7.093693392037061e-08,7.171877734900306e-08,5.606178414523148e-10,1.9817182605073438e-10
2024.0,2024.0,2024.0,8.045945367839173e-08,8.658145235433107e-08,1.0305505901117087e-09,3.138196539016071e-10
2032.0,2032.0,2032.0,8.904290038405408e-08,9.297569802754778e-08,2.465101984499743e-10,4.5117120091099347e-10
2040.0,2040.0,2040.0,8.728551562091699e-08,9.760940435564324e-08,7.502082700434179e-10,5.114267461104862e-10
2048.0,2048.0,2048.0,7.348055881078054e-08,1.0412330069470016e-07,-6.178590767702145e-11,9.56254023092203e-10
2056.0,2056.0,2056.0,4.883464113246488e-08,1.1365561937300952e-07,6.66601578642065e-10,7.16977644648152e-10
2064.0,2064.0,2064.0,1.7752124231772516e-08,1.2338650584312907e-07,-6.536714636107873e-11,1.0491291474598574e-09
2072.0,2072.0,2072.0,-1.0015527524270541e-08,1.2704058959627795e-07,5.666381948141424e-10,7.774068869643822e-10
2080.0,2080.0,2080.0,-3.161474417176079e-08,1.2563134581532006e-07,-1.6192995858431748e-10,7.970169987826385e-10
2088.0,2088.0,2088.0,-4.501383772145406e-08,1.2188736961971472e-07,3.428582382702236e-10,5.520219136101719e-10
2096.0,2096.0,2096.0,-5.094677835585624e-08,1.1918813840089114e-07,-7.19458437905441e-10,7.579554797833816e-10
2104.0,2104.0,2104.0,-5.5952018863157056e-08,1.226874767636262e-07,-1.4610226450056396e-10,6.052382843164673e-10
2112.0,2112.0,2112.0,-6.861644312897242e-08,1.2589545004785082e-07,-9.227121497153636e-10,8.084297157236105e-10
2120.0,2120.0,2120.0,-8.226848814947334e-08,1.242209979306677e-07,-2.757490761831764e-10,4.724370061739544e-10
2128.0,2128.0,2128.0,-9.385332902371956e-08,1.1835308111741369e-07,-8.82455493918501e-10,1.0200287447854318e-09
2136.0,2136.0,2136.0,-1.0103091655201116e-07,1.1039439937371086e-07,-3.9160084283028965e-10,8.686664176355352e-10
2144.0,2144.0,2144.0,-1.0098355181792842e-07,1.0356003693733982e-07,-1.0022628619757762e-09,1.0440157877625785e-09
2152.0,2152.0,2152.0,-9.880928904558685e-08,1.0019452514323624e-07,-4.121341217070565e-10,9.370872676449278e-10
2160.0,2160.0,2160.0,-1.0002548555320678e-07,9.786690368214471e-08,-9.686742654608254e-10,8.620406658984629e-10
2168.0,2168.0,2168.0,-1.0411160902522144e-07,9.278123119231696e-08,-6.290484981863e-10,7.39741825009473e-10
2176.0,2176.0,2176.0,-1.0795884520444105e-07,8.040992016919489e-08,-7.748762385784049e-10,5.931829445220849e-10
2184.0,2184.0,2184.0,-9.990362667997765e-08,5.649724892684137e-08,-1.003200405384475e-09,7.730215353718099e-10
2192.0,2192.0,2192.0,-7.82773044510898e-08,3.055532053068406e-08,-7.786349866792051e-10,1.9441993238832756e-10
2200.0,2200.0,2200.0,-5.175975356544469e-08,6.944008805491765e-09,-1.2104040707527002e-09,5.484643830678982e-10
2208.0,2208.0,2208.0,-2.6996649738463928e-08,-1.2501421921359192e-08,-9.644445378590398e-10,5.132205552052128e-11
2216.0,2216.0,2216.0,-1.0659500933092886e-08,-2.76070613523956e-08,-1.1932699258455983e-09,1.2985263737481517e-10
2224.0,2224.0,2224.0,-2.830343532539517e-09,-4.064556975118682e-08,-4.526781504753587e-10,-2.5683560121975175e-10
2232.0,2232.0,2232.0,9.25606191158811e-09,-5.310136770909462e-08,-5.544924893900058e-10,-3.7503918472532317e-10
2240.0,2240.0,2240.0,2.766992625649835e-08,-6.328415462048847e-08,7.47573803871439e-11,-5.753827638484091e-10
2248.0,2248.0,2248.0,4.978071669962387e-08,-7.011897052801974e-08,-3.5425868396942794e-10,-5.438444915908278e-10
2256.0,2256.0,2256.0,6.801003389093312e-08,-7.30651003634689e-08,-1.4331429228224578e-10,-5.594611613914623e-10
2264.0,2264.0,2264.0,6.816081633772935e-08,-7.805624711855097e-08,-4.1756350438793546e-10,-6.462899009346269e-10
2272.0,2272.0,2272.0,5.938420406190466e-08,-8.620051029156261e-08,-1.9587900357215543e-10,-1.1570155945970095e-10
2280.0,2280.0,2280.0,4.554813847297248e-08,-9.414839416401553e-08,-1.3424368816335486e-10,-5.090211719711459e-10
2288.0,2288.0,2288.0,2.9656665559997123e-08,-9.826026691147575e-08,3.13547119377326e-10,-1.3760129758582465e-10
2296.0,2296.0,2296.0,1.3264398649510433e-08,-9.382098141429049e-08,2.3621062176642763e-10,-6.842782767364461e-10
2304.0,2304.0,2304.0,5.244101511912648e-09,-8.300528677619055e-08,3.6501206554989596e-11,-6.048994645489973e-10
2312.0,2312.0,2312.0,6.9207667655190114e-09,-7.437813596595622e-08,-6.948124703206525e-11,-9.038676298887342e-10
2320.0,2320.0,2320.0,1.2728569897343441e-08,-7.134313235514963e-08,-4.5020634243693723e-10,-6.788971061728052e-10
2328.0,2328.0,2328.0,1.59750479764063e-08,-7.464623600233358e-08,-3.2545931179912074e-10,-1.159979843973483e-09
2336.0,2336.0,2336.0,6.237108058131567e-09,-7.798676087830442e-08,-3.208020674836151e-10,-3.5846307325400683e-10
2344.0,2344.0,2344.0,-1.494742317893431e-08,-7.199204301337945e-08,8.385153861549488e-11,-1.0704258618757228e-09
2352.0,2352.0,2352.0,-3.082344028319882e-08,-5.868080457194457e-08,1.879569158009744e-11,-4.035397085160942e-10
2360.0,2360.0,2360.0,-3.495615298789178e-08,-4.092245332677627e-08,4.481405122590076e-10,-9.9335897217496e-10
2368.0,2368.0,2368.0,-2.58557261574177e-08,-2.2683920484243555e-08,-9.525483391268295e-11,-7.323933022666915e-10
2376.0,2376.0,2376.0,-1.6945044147266926e-08,-1.2351619530892926e-08,2.291222852899977e-10,-9.986823292732014e-10
2384.0,2384.0,2384.0,-2.006983340478574e-08,-9.958200390260268e-09,-5.527878650105535e-11,-3.6267277665374457e-10
2392.0,2392.0,2392.0,-3.029330620871778e-08,-7.05793850546283e-09,2.868120370617139e-10,-6.883979739151844e-10
2400.0,2400.0,2400.0,-3.9872427711193964e-08,3.4601756958433946e-10,1.152668545708867e-10,-1.580746322167177e-10
2408.0,2408.0,2408.0,-3.945478077263083e-08,1.4437777457235706e-08,3.2187852237600683e-10,-4.828964170651287e-10
2416.0,2416.0,2416.0,-2.3436053336824302e-08,2.578774655867087e-08,-7.948554375156882e-11,-7.040976671381555e-10
2424.0,2424.0,2424.0,-1.1122362725256345e-08,2.667051032261269e-08,-8.658205677716828e-11,-6.486584559722328e-10
2432.0,2432.0,2432.0,-7.135119789835805e-09,1.9803447029350816e-08,-3.5391621877030305e-12,-5.355839434609313e-10
2440.0,2440.0,2440.0,-1.015336304084019e-08,9.920190141868519e-09,1.6177642686592418e-10,-6.164657517164435e-10
2448.0,2448.0,2448.0,-1.4232430600182496e-08,3.656928216721804e-09,6.915609249889012e-10,-5.052009649732914e-10
2456.0,2456.0,2456.0,-2.810208221842423e-09,1.10353061205627e-08,7.455455062363221e-10,-3.997026093067687e-10
2464.0,2464.0,2464.0,2.0356167582236023e-08,1.983332683558187e-08,6.025070858453654e-10,-7.285600025213442e-10
2472.0,2472.0,2472.0,4.4527631201102216e-08,2.3133494421304534e-08,6.503124037172718e-10,-4.840502732000512e-10
2480.0,2480.0,2480.0,5.8770026665729414e-08,1.8808473798426154e-08,5.1989318411272e-10,-3.329912870391247e-10
2488.0,2488.0,2488.0,4.9539085577707216e-08,1.1666328491629833e-08,7.656096026558771e-10,-3.258753531047443e-10
2496.0,2496.0,2496.0,2.2955927601849186e-08,1.4220824367299169e-08,8.386551704884746e-10,2.494228469980938e-10
2504.0,2504.0,2504.0,6.2973811116718245e-09,2.0446038665543647e-08,1.1987325281642335e-09,1.0345224162599404e-10
2512.0,2512.0,2512.0,3.867562284621353e-09,2.5143728788539373e-08,7.506755014245328e-10,8.658319918356715e-11
2520.0,2520.0,2520.0,1.3248688995530546e-08,2.4897638533547214e-08,8.919055823382512e-10,-3.478609514151613e-11
2528.0,2528.0,2528.0,2.0091555659167177e-08,1.9529088762360126e-08,1.3504140873044687e-10,-1.1539622888655312e-10
2536.0,2536.0,2536.0,7.701503625939832e-09,1.5423516963810945e-08,4.4310237167967767e-10,-1.1981003795088174e-10
2544.0,2544.0,2544.0,-1.454222369511694e-08,1.5403948697440556e-08,1.6820227031921942e-10,3.7867357739699576e-10
2552.0,2552.0,2552.0,-3.673739099126104e-08,1.974339331783914e-08,6.321535331064017e-10,4.0377673858982135e-11
2560.0,2560.0,2560.0,-4.875068324736607e-08,2.7606072259502657e-08,7.61134912315707e-10,-1.549868617528687e-10
2568.0,2568.0,2568.0,-4.059106120331915e-08,3.5199785297754625e-08,8.924461331053257e-10,-7.436449527414485e-11
2576.0,2576.0,2576.0,-1.8348336940752644e-08,3.786656046839343e-08,5.932582663282492e-10,-7.112029728422183e-10
2584.0,2584.0,2584.0,4.490588940466699e-09,3.6203602859315034e-08,5.529509852410813e-10,-2.8933819283825733e-10
2592.0,2592.0,2592.0,2.0649364618513264e-08,3.2154079110362245e-08,6.040458687565758e-10,-5.555879159302352e-10
2600.0,2600.0,2600.0,2.4479539766835312e-08,2.8298641017983855e-08,7.571038864111649e-10,-3.38880584565755e-10
2608.0,2608.0,2608.0,1.7157429665372253e-08,2.5567722680334145e-08,1.3312547510807729e-09,-3.9530516617680605e-10
2616.0,2616.0,2616.0,1.697929929298953e-08,2.100794858146912e-08,1.3006004703274393e-09,-2.724392039449475e-10
2624.0,2624.0,2624.0,2.7666728956216505e-08,1.6233304731186258e-08,1.7019532535873228e-09,-9.42294176306645e-10
2632.0,2632.0,2632.0,4.743764764487875e-08,1.194430713435076e-08,1.5629198789823537e-09,-6.871239212238673e-10
2640.0,2640.0,2640.0,7.110224058838551e-08,8.259020950753532e-09,1.7340318198914395e-09,-1.5807872177490514e-09
2648.0,2648.0,2648.0,8.815205957582369e-08,-1.442119105127077e-09,1.582067226356875e-09,-1.4361953300320493e-09
2656.0,2656.0,2656.0,9.399439141477715e-08,-1.778885046671603e-08,2.0440074944732737e-09,-2.0169538733127788e-09
2664.0,2664.0,2664.0,9.652205280593815e-08,-3.907804810519745e-08,1.9297949911563645e-09,-2.2451492690964492e-09
2672.0,2672.0,2672.0,1.0411569683770922e-07,-6.308153844846529e-08,2.29623295959644e-09,-2.5404735944486754e-09
2680.0,2680.0,2680.0,1.2733652881866537e-07,-8.677733217940896e-08,2.095169022640712e-09,-2.373516110679319e-09
2688.0,2688.0,2688.0,1.5808004645288676e-07,-1.0302997515536259e-07,2.494572372815082e-09,-2.736875486414817e-09
2696.0,2696.0,2696.0,1.756212573048132e-07,-1.126912242281822e-07,2.1456267257782247e-09,-2.4579235647861517e-09
2704.0,2704.0,2704.0,1.8021076662490168e-07,-1.1792719940546278e-07,2.659247713680285e-09,-2.7433193773220095e-09
2712.0,2712.0,2712.0,1.7638441640723542e-07,-1.2003305375306905e-07,2.2536937501425615e-09,-2.7012057078337e-09
2720.0,2720.0,2720.0,1.7532927445399757e-07,-1.1748396749259909e-07,3.151604025889757e-09,-3.0790958768336574e-09
2728.0,2728.0,2728.0,1.8492337036282973e-07,-1.1162519896709907e-07,2.5306814515826627e-09,-2.556669169064922e-09
2736.0,2736.0,2736.0,1.9559919872220775e-07,-1.1078621160023303e-07,3.0409829402262792e-09,-3.023639311359293e-09
2744.0,2744.0,2744.0,1.9921944958357666e-07,-1.1591352457225148e-07,2.2386408899898415e-09,-2.2533055886874814e-09
2752.0,2752.0,2752.0,1.893029291077819e-07,-1.2490318942883024e-07,2.504672580327984e-09,-2.6307369467400053e-09
2760.0,2760.0,2760.0,1.6130681578810025e-07,-1.290951819866419e-07,1.919784533143923e-09,-1.7468241016652881e-09
2768.0,2768.0,2768.0,1.3391840639948055e-07,-1.2392885735075286e-07,2.121158588510853e-09,-2.2600891722119765e-09
2776.0,2776.0,2776.0,1.194428051756527e-07,-1.1535664884340903e-07,2.0386716094127256e-09,-1.613027517992785e-09
2784.0,2784.0,2784.0,1.1787058780293901e-07,-1.049491242538282e-07,2.0017391765322263e-09,-2.5782484814502008e-09
2792.0,2792.0,2792.0,1.263563081875509e-07,-9.320075773597897e-08,1.7229899614412138e-09,-1.894855120411943e-09
2800.0,2800.0,2800.0,1.391271338748731e-07,-7.757627089761781e-08,9.917932849512549e-10,-2.09467940522859e-09
2808.0,2808.0,2808.0,1.520769426575206e-07,-6.4866282638269e-08,1.050685592744156e-09,-1.361959554436196e-09
2816.0,2816.0,2816.0,1.5996810320267116e-07,-5.9281469841954396e-08,4.6189965492711737e-10,-1.2118012466145572e-09
2824.0,2824.0,2824.0,1.5826554901764597e-07,-5.920445860926651e-08,8.63389578298974e-10,-9.12801299272083e-10
2832.0,2832.0,2832.0,1.4327042757330453e-07,-5.993325905624475e-08,1.769031326817088e-10,-6.121501254222838e-10
2840.0,2840.0,2840.0,1.1791327981245775e-07,-5.18216293766545e-08,1.0840644999227912e-09,-5.159628440036027e-10
2848.0,2848.0,2848.0,9.483876785919943e-08,-3.989320194796871e-08,1.1632790623093402e-10,-4.29086174735793e-10
2856.0,2856.0,2856.0,7.688642296609795e-08,-2.8490334449886945e-08,9.241374621483032e-10,-5.006510041710648e-10
2864.0,2864.0,2864.0,6.413798823881738e-08,-1.9992756451639848e-08,-1.78438360013453e-11,-5.793859099024078e-10
2872.0,2872.0,2872.0,5.4426009544465274e-08,-1.5950248361578874e-08,5.614567014857934e-10,-6.767736165617996e-10
2880.0,2880.0,2880.0,4.4244030994704855e-08,-1.7576402514175598e-08,-1.7067749274081052e-10,-3.4790669901522434e-10
2888.0,2888.0,2888.0,3.272109221985165e-08,-1.8564956499364817e-08,2.4432786849141286e-10,-9.441587889260484e-10
2896.0,2896.0,2896.0,2.0789469133895467e-08,-1.5479931404960703e-08,-5.69701384286375e-10,-3.886806466983213e-10
2904.0,2904.0,2904.0,9.620866315893949e-09,-8.375750342235526e-09,1.7176075072748776e-10,-9.149622700817935e-10
2912.0,2912.0,2912.0,8.498096265671381e-10,-1.8928500303135586e-09,-4.838127553572999e-10,-1.9335169255318616e-10
2920.0,2920.0,2920.0,-1.5064287297355208e-08,-4.883041530701529e-09,1.345583248560441e-10,-9.922570249330384e-10
2928.0,2928.0,2928.0,-3.87835383027716e-08,-9.527850508670882e-09,-1.0487783645152664e-10,-1.8326555332582576e-10
2936.0,2936.0,2936.0,-6.395656034245435e-08,-1.1196190623259718e-08,2.0044147950066189e-10,-8.442262115628146e-10
2944.0,2944.0,2944.0,-8.439291509851126e-08,-6.5255986881100714e-09,-1.6759074915911786e-10,-3.3673324561666937e-10
2952.0,2952.0,2952.0,-9.372902534945272e-08,6.125727490425292e-09,3.922317592271182e-11,-8.668108415791073e-10
2960.0,2960.0,2960.0,-1.0655971580196982e-07,1.7117131523536277e-08,-2.6703978055097843e-10,-6.376478147395585e-10
2968.0,2968.0,2968.0,-1.328253700301582e-07,1.624753156733245e-08,2.8288087544687164e-10,-7.113552081218893e-10
2976.0,2976.0,2976.0,-1.7141078415421112e-07,6.2778658324207025e-09,2.1291318150134175e-10,-3.4987353775328694e-10
2984.0,2984.0,2984.0,-2.179381213051761e-07,-6.5671118369133784e-09,1.01210573282031e-09,-1.8706891945631693e-10
2992.0,2992.0,2992.0,-2.5998056296110177e-07,-6.481043092854088e-09,5.190531945088694e-10,2.21437176248436e-10
3000.0,3000.0,3000.0,-2.8270648703306646e-07,-1.6443833646353002e-10,1.7913963324122026e-09,4.1599997361675834e-10
3008.0,3008.0,3008.0,-2.911287477434307e-07,3.2126193098525857e-09,7.16328809157696e-10,2.5754758996282e-10
3016.0,3016.0,3016.0,-2.932559086635215e-07,3.3155749255957407e-09,1.8460827362693444e-09,2.9904246026374496e-11
3024.0,3024.0,3024.0,-2.985419891179836e-07,3.2985728377339387e-09,6.012959810302292e-10,6.512386514222513e-11
3032.0,3032.0,3032.0,-3.130265940445579e-07,1.3495957289732406e-08,1.4178830432270284e-09,1.4403778210546452e-10
3040.0,3040.0,3040.0,-3.2424667980484174e-07,2.594129912277193e-08,-2.659405545467708e-10,4.180980992385034e-10
3048.0,3048.0,3048.0,-3.241555649618664e-07,3.6111853813919976e-08,1.2116361239638247e-09,1.1179193669808698e-10
3056.0,3056.0,3056.0,-3.1122467052703216e-07,4.3081265219441344e-08,-3.7486060991834323e-10,-1.9415646009907577e-10
3064.0,3064.0,3064.0,-2.882171211484331e-07,4.812239895488049e-08,7.971369386184939e-10,-3.927298484170299e-10
3072.0,3072.0,3072.0,-2.716374005970902e-07,5.0012384600107274e-08,-6.280418969525902e-10,-3.629107822655202e-10
3080.0,3080.0,3080.0,-2.626960797094185e-07,5.0352494542318494e-08,4.398752404711923e-10,-5.38451101129527e-10
3088.0,3088.0,3088.0,-2.5662571759733205e-07,5.236822313984238e-08,-7.199986292637608e-10,-5.441699105461581e-10
3096.0,3096.0,3096.0,-2.492771714416373e-07,5.7369011086113495e-08,1.0327031661597916e-10,-8.753220516433557e-10
3104.0,3104.0,3104.0,-2.3637122449266098e-07,6.593686889913753e-08,-6.998036567133859e-10,-8.983501920629528e-10
3112.0,3112.0,3112.0,-2.0804511560925479e-07,7.406277634822893e-08,-2.3560332365919386e-10,-1.1545638621047435e-09
3120.0,3120.0,3120.0,-1.7209777324580786e-07,7.919236982014009e-08,-6.042639271824653e-10,-1.0469821422474725e-09
3128.0,3128.0,3128.0,-1.348612715222661e-07,8.051541464838127e-08,-9.797047255191161e-10,-8.69542656179503e-10
3136.0,3136.0,3136.0,-1.0044998713553963e-07,7.760282196265102e-08,-7.753274505978817e-10,-3.3769923366109753e-10
3144.0,3144.0,3144.0,-6.974723590141748e-08,7.017915732345886e-08,-1.1748929454647308e-09,-1.2177893045325693e-10
3152.0,3152.0,3152.0,-4.320516799891436e-08,5.9596586293987085e-08,-5.2321607208228e-10,1.0283316004601675e-10
3160.0,3160.0,3160.0,-1.9802024181435048e-08,5.139683205226064e-08,-8.927665203380903e-10,2.949409902432809e-10
3168.0,3168.0,3168.0,5.476445511607756e-09,4.772650220189344e-08,-2.9150098636379524e-10,4.1728824862594017e-10
3176.0,3176.0,3176.0,3.6481531390186734e-08,4.927646662752731e-08,-3.46835404205668e-10,9.670077384093718e-10
3184.0,3184.0,3184.0,7.232963586204916e-08,5.281298962540044e-08,1.5394063570395293e-10,8.261003552132695e-10
3192.0,3192.0,3192.0,9.659002090360483e-08,5.3659659713807025e-08,1.3283739872236063e-10,1.110292507829624e-09
3200.0,3200.0,3200.0,1.1177943173794046e-07,5.3053211043492935e-08,1.6580948086272498e-10,1.180117619187752e-09
3208.0,3208.0,3208.0,1.2556251020760774e-07,5.2840513353212094e-08,8.478388343327738e-11,1.599049392704845e-09
3216.0,3216.0,3216.0,1.45521142954441e-07,5.544504467807627e-08,-2.408398065270125e-12,1.4902624212607285e-09
3224.0,3224.0,3224.0,1.6944593962129603e-07,6.422561332547275e-08,4.040435225740272e-10,1.6795085876089332e-09
3232.0,3232.0,3232.0,1.7953240005739492e-07,6.694173470200309e-08,1.6428560057880785e-10,1.7664428906377651e-09
3240.0,3240.0,3240.0,1.7907348724325171e-07,6.306605470855978e-08,2.749283919638642e-10,2.0142860334707204e-09
3248.0,3248.0,3248.0,1.7577823719079913e-07,5.7715883663453225e-08,4.042554710510868e-10,2.2423705259815107e-09
3256.0,3256.0,3256.0,1.7712160278465482e-07,5.947142825376621e-08,6.908259854296398e-10,2.0411558427252384e-09
3264.0,3264.0,3264.0,1.8927209306888688e-07,7.567445228392759e-08,6.334071508428084e-10,2.208754717089418e-09
3272.0,3272.0,3272.0,2.0969278006775588e-07,9.27579858663213e-08,1.8084304846693352e-10,1.7451122891107418e-09
3280.0,3280.0,3280.0,2.2998732321953396e-07,1.0292030085504722e-07,2.1579551135379665e-10,1.6332095518279904e-09
3288.0,3288.0,3288.0,2.450289484599583e-07,1.0506193999203612e-07,-3.450356905385426e-10,6.414894835744796e-10
3296.0,3296.0,3296.0,2.510994683011439e-07,1.0327920027620149e-07,-3.5976747031304256e-10,9.826362686989114e-10
3304.0,3304.0,3304.0,2.471909675109739e-07,1.0483396886731538e-07,-6.938276133166025e-10,3.9947399966672314e-10
3312.0,3312.0,3312.0,2.3589640732768105e-07,1.03347602128891e-07,-5.827031500201082e-10,8.341368890007697e-10
3320.0,3320.0,3320.0,2.162132878848879e-07,9.942043015660235e-08,1.0121014712593614e-11,2.8525990468247167e-10
3328.0,3328.0,3328.0,1.890412170999224e-07,9.506018008221147e-08,-2.2896589113759374e-10,4.981526512289032e-10
3336.0,3336.0,3336.0,1.577211733199157e-07,9.462547211275076e-08,6.305763961466536e-10,2.3849533187597184e-10
3344.0,3344.0,3344.0,1.3044843193738125e-07,9.372592334383499e-08,3.357289548678113e-10,2.2198057661349423e-10
3352.0,3352.0,3352.0,1.1159340340951722e-07,8.865258001192857e-08,1.084449683419618e-09,3.076163101395274e-10
3360.0,3360.0,3360.0,1.0034417719815483e-07,7.997086807746018e-08,7.977592805493175e-10,3.9316686379069584e-11
3368.0,3368.0,3368.0,9.435678059225138e-08,6.881776460797294e-08,1.3841638273017966e-09,6.398554059991649e-11
3376.0,3376.0,3376.0,8.818134461190981e-08,5.7138752889454256e-08,1.1207918644366782e-09,4.664881751543129e-11
3384.0,3384.0,3384.0,7.419639261139479e-08,4.5322342695411645e-08,1.7544749898589913e-09,1.7302271188141452e-11
3392.0,3392.0,3392.0,5.108103867951052e-08,3.238921047898241e-08,1.0697943293496004e-09,8.727960498991357e-11
3400.0,3400.0,3400.0,2.2742827373763074e-08,1.9196456165258194e-08,1.476967377983157e-09,-3.444217176972929e-10
3408.0,3408.0,3408.0,-5.719081335026132e-09,6.234979126045133e-09,8.368011347552811e-10,-1.1172893747779818e-10
3416.0,3416.0,3416.0,-2.804472017042064e-08,-9.301398348035741e-09,7.89850336869737e-10,-6.980000922381744e-10
3424.0,3424.0,3424.0,-5.141782316654679e-08,-2.7315412032904327e-08,2.6970787711357596e-10,-6.660281163018812e-10
3432.0,3432.0,3432.0,-7.881610705398142e-08,-4.257994627977172e-08,-5.193176680082236e-11,-1.1361323542813766e-09
3440.0,3440.0,3440.0,-1.0819423616887032e-07,-5.2854018907331705e-08,-6.430427968682016e-10,-1.0379596475576042e-09
3448.0,3448.0,3448.0,-1.357921229453287e-07,-5.7304092417698156e-08,-6.531757619218891e-10,-1.395942679075596e-09
3456.0,3456.0,3456.0,-1.5842361986323474e-07,-5.8511817558281506e-08,-8.986691416606985e-10,-1.4411092692145751e-09
3464.0,3464.0,3464.0,-1.8336003839603806e-07,-6.481251015953096e-08,-4.5560789661138053e-10,-1.3839989100274954e-09
3472.0,3472.0,3472.0,-2.0549258559678546e-07,-7.625507281424653e-08,-7.362613619730293e-10,-1.4588321256618817e-09
3480.0,3480.0,3480.0,-2.1962038101276996e-07,-8.789569721324566e-08,-2.604674266860336e-10,-1.2223648860445956e-09
3488.0,3488.0,3488.0,-2.2055811993983127e-07,-9.211115854661017e-08,-7.909190131297948e-10,-1.3311873876113197e-09
3496.0,3496.0,3496.0,-2.0854294807862736e-07,-8.302429970469081e-08,-1.523206777582873e-10,-1.134120076007898e-09
3504.0,3504.0,3504.0,-1.9355336029684979e-07,-7.253609010881972e-08,-7.69001548450448e-10,-1.4566788564683436e-09
3512.0,3512.0,3512.0,-1.7850196899636621e-07,-6.364382297100137e-08,-6.199120195770826e-10,-1.3993379622371752e-09
3520.0,3520.0,3520.0,-1.6434666299666166e-07,-5.7083330827220345e-08,-1.116705078831049e-09,-1.450466835552043e-09
3528.0,3528.0,3528.0,-1.502790543761163e-07,-5.25296720169725e-08,-1.0898558072196569e-09,-1.42337768426894e-09
3536.0,3536.0,3536.0,-1.3132632581538505e-07,-4.824346261056778e-08,-1.4442784329253376e-09,-1.3588632993585308e-09
3544.0,3544.0,3544.0,-1.0719723053278191e-07,-4.299196097508399e-08,-1.8382149705642315e-09,-1.231880078793055e-09
3552.0,3552.0,3552.0,-7.972550074750605e-08,-3.6108511928630525e-08,-1.6776250803578542e-09,-1.2057137865038156e-09
3560.0,3560.0,3560.0,-5.1653309425640166e-08,-2.783353733669677e-08,-2.0132897524026814e-09,-6.5223611340477e-10
3568.0,3568.0,3568.0,-2.7827951097766515e-08,-2.022598192697792e-08,-1.7160684676431282e-09,-6.975835374914727e-10
3576.0,3576.0,3576.0,-6.071856020247388e-09,-1.709384840827727e-08,-1.6310925315745694e-09,-3.821443877411703e-10
3584.0,3584.0,3584.0,2.0956247940169628e-08,-1.641294667410305e-08,-1.1711046745019372e-09,9.904047348995107e-11
3592.0,3592.0,3592.0,5.256094838293612e-08,-1.644385500550185e-08,-9.927021783477928e-10,-9.775019606056444e-11
3600.0,3600.0,3600.0,8.611500140365493e-08,-1.597134462859783e-08,-6.912816643864964e-10,-1.3383714551767705e-10
3608.0,3608.0,3608.0,1.1516465309739914e-07,-1.5763178363896294e-08,-5.732330887424179e-10,-4.0000972408766307e-10
3616.0,3616.0,3616.0,1.3621021021096046e-07,-2.051516508628263e-08,-5.848432237779381e-10,-1.7276840451540768e-09
3624.0,3624.0,3624.0,1.4904038147185934e-07,-3.2546433530662933e-08,-2.3335225420908993e-09,-4.3997402653462804e-10
3632.0,3632.0,3632.0,1.5347419902693874e-07,-5.125357788392865e-08,-1.5281696733722002e-09,-2.0990485834272003e-09
3640.0,3640.0,3640.0,1.504560132813351e-07,-7.418382685982462e-08,-2.070333261561386e-09,-1.1633949459606783e-09
3648.0,3648.0,3648.0,1.4392313687400692e-07,-9.231143507032846e-08,-2.6484210897300193e-09,-1.6155493351922179e-09
