wavenumber_mid,alpha_measured_pos,alpha_measured_neg,alpha_denoised_pos,alpha_denoised_neg
200.0,0.0007751332355646398,-0.002152095534163741,1.4992169520330766e-05,-2.7503251825882085e-05
208.0,0.0003731156525359727,-0.0018158887892580947,2.3153874095724243e-06,-1.7565355896507643e-05
216.0,-8.456000327855621e-05,-0.0015243934668406683,-1.6970685764759761e-06,-1.9770470577497974e-05
224.0,-0.0006091119759725693,-0.0012569314662821617,-7.258470691689404e-07,-1.2602707114061351e-05
232.0,-0.0011084748790702334,-0.0010057836592312068,-2.0376148248525942e-05,1.9507208460053874e-06
240.0,-0.0015626502239226338,-0.0007659745843973154,-3.1215537522663294e-05,2.5123957503684546e-06
248.0,-0.0019714719944893054,-0.000531732963257386,-3.8844919801760124e-05,1.908073284374431e-05
256.0,-0.0023377447343633636,-0.0002937315588809005,-5.2895441569652446e-05,2.2601884207400738e-05
264.0,-0.00260154410314072,-5.4097768021578694e-05,-5.266526712238028e-05,3.36629220270441e-05
272.0,-0.002759351532875673,0.00017042693964840672,-6.228909288448949e-05,3.266016990358037e-05
280.0,-0.002830095800390289,0.00037218326151245237,-5.32639876177264e-05,2.9194659760109587e-05
288.0,-0.0028497640199075867,0.0005470504230715469,-6.540357193111972e-05,2.838961443405561e-05
296.0,-0.0028527766114400614,0.0006747571566210869,-5.621598648268455e-05,3.067455112730259e-05
304.0,-0.0028517605151847157,0.000748700549649809,-7.760446604395413e-05,3.4576045110182844e-05
312.0,-0.0028042025570451487,0.0007773804082899588,-7.355446848180059e-05,3.39582957184299e-05
320.0,-0.0026496271612114924,0.0007813528410623882,-0.00010287464624898621,4.423977378578582e-05
328.0,-0.0023015751499062833,0.0007949679093696901,-8.941853222472886e-05,4.7244745791565586e-05
336.0,-0.0017342092160744726,0.0008646097060727493,-9.544311767974196e-05,5.5163650164749594e-05
344.0,-0.0011240986338973765,0.0009372287954813451,-7.513638182538463e-05,6.241240471488189e-05
352.0,-0.0005091808773880172,0.0009948026164816976,-5.795445370939995e-05,7.963104600132223e-05
360.0,9.286601446843711e-05,0.0010220560997245022,-1.7035333153447292e-05,8.995558435467176e-05
368.0,0.0006917919880311913,0.0010019376807214216,2.0616814485252467e-05,9.357739937713355e-05
376.0,0.0012901554712010227,0.0009257228918446055,8.059547887762493e-05,9.577456211090126e-05
384.0,0.0018771477918545496,0.0008294068951308907,0.00012477508828301535,9.35085845929018e-05
392.0,0.0024516464791676617,0.0007298052389842094,0.0001854981642482418,9.863607785133296e-05
400.0,0.0030167486665585706,0.000639291038741039,0.00021291706592157467,7.921982064358943e-05
408.0,0.003586424561999735,0.0005634387998925969,0.00025271681201990216,8.300917561185553e-05
416.0,0.004172292340114703,0.0004875448478705606,0.0002747984394266277,6.620042004087282e-05
424.0,0.004726536831447075,0.00040823236780625796,0.0003011150097307228,7.168481591377438e-05
432.0,0.00523294416127737,0.00031607129401936464,0.0003206122132044167,5.7773452599767395e-05
440.0,0.005682443088851696,0.0002064003885242033,0.00033516323827452894,6.424056821304019e-05
448.0,0.006060177827952464,0.00010388024448977433,0.0003706331410175103,5.8026052359920995e-05
456.0,0.006375468543792608,4.817311290817757e-05,0.0003817223910062573,6.895260304335231e-05
464.0,0.006654100750565977,1.5237837005216555e-05,0.0004213793083296704,7.026752418746956e-05
472.0,0.006936713198881618,-1.0173274563180277e-05,0.0004217162806527458,8.005481120756391e-05
480.0,0.007265059540446818,-4.2081241554354595e-05,0.0004913012247304766,7.979428315558103e-05
488.0,0.007575805870964275,-9.271253827648068e-05,0.00048839134242582,9.701452304860252e-05
496.0,0.007641577386353449,-0.0001553847090906759,0.0005497512215796203,0.00010733044585869539
504.0,0.007494836895836267,-0.00023552803629005737,0.0005105272925758081,0.00013421853046576013
512.0,0.007207005002013239,-0.0003393535197892823,0.0005523835738295897,0.00013448912824517943
520.0,0.006892746318693426,-0.0004728930060040968,0.0005353571089586016,0.00016479727476001522
528.0,0.0065137679134733475,-0.000615750545876733,0.0005974299766077622,0.00015951543877521917
536.0,0.005934332330631007,-0.0007568665308713132,0.0006045434870490959,0.00020208962884617492
544.0,0.005202952429303781,-0.0009098228818639738,0.0006355156977257927,0.00016972458860992277
552.0,0.004369425850312013,-0.0010641419428753709,0.0006204738556145209,0.00018905655293606938
560.0,0.003494074862596431,-0.001179435242338025,0.0006076672340298304,0.000148847961959591
568.0,0.002626776310214346,-0.0012332205350638573,0.0005691913533043422,0.0001491991773194954
576.0,0.001851932477221806,-0.001324548640200396,0.0005281414470587241,9.796579854612824e-05
584.0,0.001139632348827363,-0.0014546847378246784,0.000455826182542038,7.126395907589219e-05
592.0,0.0004595555872734694,-0.0016149026870010315,0.00038172980136947455,1.3027799512371178e-05
600.0,-0.00020934301985340084,-0.0017835094860646824,0.0002899585087037456,-4.74462947228612e-06
608.0,-0.000785556110633103,-0.0019183054272514561,0.00021726001685486962,-5.221724393278408e-05
616.0,-0.0013078937293474976,-0.0020039885089242256,0.00015568365350143457,-4.894456259561327e-05
624.0,-0.001810445598590341,-0.002030129242464559,0.00010961612458428065,-7.434251678523312e-05
632.0,-0.00231348400200313,-0.001989940372615998,7.774036752368348e-05,-5.649168386689857e-05
640.0,-0.002772215285970329,-0.0018692045199361893,4.526220968654554e-05,-7.063776346369802e-05
648.0,-0.003081500579714102,-0.0017424167112662587,3.2357445609970956e-05,-5.0019832194875995e-05
656.0,-0.003239362352112649,-0.0016277009420466056,1.1335299694988167e-05,-5.840500678106228e-05
664.0,-0.0032502031557303038,-0.0015152828635122688,5.339667818906571e-06,-4.310144139793383e-05
672.0,-0.003139587309402948,-0.0013912558533880745,-6.199213303672956e-06,-5.05736522636312e-05
680.0,-0.003007949617210598,-0.001263023741022692,-1.4106375886617976e-05,-3.753688113208261e-05
688.0,-0.002932389091692678,-0.0011368666100394823,-2.4242403165461498e-05,-3.960476091617194e-05
696.0,-0.0028708480172060158,-0.0009761233218879492,-3.6559158904808535e-05,-3.083563937583002e-05
704.0,-0.002791573385771049,-0.0007645235874705705,-3.819698861815333e-05,-2.7835953727950246e-05
712.0,-0.002664459999207506,-0.0004968820648870249,-4.1850315114578515e-05,-1.9266765082032977e-05
720.0,-0.002467998840029849,-0.00020813774021236986,-3.335261057727772e-05,-1.4938917494871942e-05
728.0,-0.002245718381776574,5.575542344457949e-05,-3.5077668931034374e-05,-6.286529718044295e-06
736.0,-0.0019861454698354842,0.00028828918494672726,-1.887777081395211e-05,1.0534331811732698e-06
744.0,-0.00166293188049616,0.0004900728175848884,-1.3822931983597151e-05,1.6333628280707605e-05
752.0,-0.0012327116104416103,0.0006680732082023827,8.411627541038134e-06,2.3847231104658136e-05
760.0,-0.0007370111399217846,0.0008506198964943611,2.099633539081308e-05,4.134749607385322e-05
768.0,-0.00026913295778268584,0.0010730429843192374,4.627763861079534e-05,4.63694165568517e-05
776.0,0.00017968782195560022,0.001333409203531205,6.413428328576607e-05,6.380822232412148e-05
784.0,0.0006246749339488007,0.0016184445218936072,8.650501445962299e-05,6.897747855697493e-05
792.0,0.0010916440318519173,0.001895788122280414,9.92794248687156e-05,8.127210280832619e-05
800.0,0.001603203715514017,0.002090159240305489,0.00011681666695275515,8.50865872744381e-05
808.0,0.0021181665885633364,0.002213569676337473,0.00011932624024119256,8.602568148941708e-05
816.0,0.002603441156124352,0.002284119043331341,0.00013521160877837059,8.660818185505972e-05
824.0,0.003008322525811211,0.0023192455992452534,0.00012920189385062021,8.432712464631965e-05
832.0,0.003204979222960215,0.0023258510217182516,0.00013380161785346136,8.868852180633301e-05
840.0,0.003174442470724192,0.0023163770715482293,0.00011185713196708415,8.477615879272573e-05
848.0,0.003111974543066091,0.0022722887570208626,0.0001142519243069781,8.891277493514725e-05
856.0,0.0030623375397967802,0.0021839446378211533,0.00010512638073015671,8.451204508112158e-05
864.0,0.0030211881912576653,0.0020527842367650587,0.0001167799737026307,8.435801111989074e-05
872.0,0.0028268020931435053,0.0019207526001023176,0.00011085195205325184,8.118952307521498e-05
880.0,0.0024741523100279155,0.001795512043399632,0.00011107987052301229,7.932228584735033e-05
888.0,0.00213279671726876,0.0016518925110168112,0.00010473974702132651,8.501928643537979e-05
896.0,0.00184931606123682,0.001487111052999792,9.72853001110029e-05,7.891591109027187e-05
904.0,0.0016286365601637849,0.001303044244231703,9.56439444990305e-05,8.27674921932156e-05
912.0,0.0014272146010594238,0.001058600345771344,8.573134863533803e-05,6.817698004652407e-05
920.0,0.0012679667720139395,0.0007615316334012491,8.334582920963132e-05,6.966964532611789e-05
928.0,0.001097135350039921,0.00048640735711670313,6.663490736539868e-05,5.046327370828944e-05
936.0,0.0008886328287220797,0.0002623287104836878,6.326483054876484e-05,5.164983321804767e-05
944.0,0.0006315085238956995,9.507685250959377e-05,4.6992255593233746e-05,3.820809171277228e-05
952.0,0.0003948784948820352,-3.3780255268026306e-05,4.0930932067350956e-05,3.9156219797963775e-05
960.0,0.00018606967855121147,-0.00016003230164946116,3.095585110467486e-05,2.648031791684163e-05
968.0,2.846545300257675e-06,-0.0002767405521995006,2.3768881951891754e-05,2.5542319320080256e-05
976.0,-0.00013676845238510255,-0.0003776955358889094,2.0923725783482148e-05,1.7814226819659252e-05
984.0,-0.0001849656539538192,-0.0004562014417417362,1.1827808719281575e-05,1.6066408242452374e-05
992.0,-0.00010444932851233401,-0.0005888325210118305,1.32982068036231e-05,9.723170321480967e-06
1000.0,-4.317597331722838e-05,-0.0007572185629647981,3.234763609186121e-06,8.793430569545208e-06
1008.0,-3.756890306453377e-05,-0.0009269904623613905,6.659603906410814e-06,7.449588839545059e-06
1016.0,-0.00010167578095461107,-0.0010692063285244672,-1.9676792729850616e-06,5.372830190320609e-06
1024.0,-0.00022043051685299956,-0.001157761921960507,3.332423655548293e-06,7.612941780729126e-06
1032.0,-0.00035668110038713304,-0.0011711691813724244,-2.0628211093501878e-06,4.367214519242659e-06
1040.0,-0.00044966486393346677,-0.0011389291611349675,4.1542549732147375e-06,2.903250390633033e-06
1048.0,-0.00047959532096819433,-0.001095829054399226,-3.510680428298833e-06,1.50555295576126e-06
1056.0,-0.0004413643009541771,-0.0010727164502497262,2.5035962553030706e-06,-1.3295971368952958e-06
1064.0,-0.0003561631717751703,-0.0010866689689680532,-4.814214301821946e-06,7.584046717770622e-07
1072.0,-0.0002901405406905193,-0.001093754471423678,1.318233366066898e-06,-1.1846354858911264e-06
1080.0,-0.0002048810648613418,-0.0010852118365792896,-6.3759016615943615e-06,2.710629191535089e-06
1088.0,-8.45147741665e-05,-0.001051336675873204,-1.0697122937325062e-06,3.0864894249771357e-06
1096.0,6.957590024735263e-05,-0.0009807047590267217,-4.836861539643473e-06,5.617268217263337e-06
1104.0,0.0001574870311274608,-0.0008368509635486439,1.6862373632527877e-07,3.1508236909581545e-06
1112.0,0.00022037420207661425,-0.0006327762537751344,-6.66359357524984e-07,6.532421306656415e-06
1120.0,0.00032416289272405854,-0.00041699069999719774,3.1760733333016887e-06,3.5627387901597734e-06
1128.0,0.0004803184688324817,-0.00022553010172737844,1.7285697790185924e-06,9.382776059006525e-06
1136.0,0.0006724010595246058,-8.962146063896212e-05,1.7813477628451924e-06,6.219092549219132e-06
1144.0,0.0008137923036561131,8.189760494398945e-06,7.602519712434077e-07,1.198763700685875e-05
1152.0,0.0008419615643661926,0.0001288033577438805,-2.4181965503022044e-06,1.3757255896554732e-05
1160.0,0.000765479444644279,0.00026900391387698225,4.630518344880271e-07,1.573486047457481e-05
1168.0,0.0006031364742137054,0.0004199207416770584,-1.0316328686841648e-06,1.668243826061609e-05
1176.0,0.00038643052145164846,0.0005664821882571525,3.441148200887659e-06,1.6821141036924554e-05
1184.0,0.00019347775093043318,0.0006857754902306573,1.133945401781501e-06,1.883875186515665e-05
1192.0,5.5268366365939404e-05,0.0007693321960666824,2.099528677212696e-06,2.0743052114294174e-05
1200.0,-4.194471756427434e-05,0.000837344509675182,-1.880283799799156e-06,2.2017015812383212e-05
1208.0,-0.00011807306216372062,0.0009177828868605668,-3.2153717892447133e-07,2.4682047365734353e-05
1216.0,-0.00020516479013904122,0.0010566506234319416,-5.0651093173795595e-06,2.40719673015047e-05
1224.0,-0.00029304275366765257,0.0011992839400562603,-1.5716626212630933e-06,2.5609567868269096e-05
1232.0,-0.00034206081232533643,0.0012794580939682193,-5.988584436398867e-06,2.589989922581246e-05
1240.0,-0.0003762734632831095,0.001315811662604534,-3.1158784498990913e-06,2.851285654328871e-05
1248.0,-0.00042013994500190603,0.0013348966945047618,-6.746378736776856e-06,2.6747427148254396e-05
1256.0,-0.0004886435338191835,0.0013701637285945037,-4.532664075288613e-06,3.078083605457672e-05
1264.0,-0.0005470228533331255,0.0014250968308057706,-8.478858658937145e-06,2.7736162828656886e-05
1272.0,-0.0006127547272631531,0.001477989613011204,-4.859680901577029e-06,2.9601602246628083e-05
1280.0,-0.0006794377970093814,0.0015001781528356374,-4.756282243544931e-06,2.355552275421854e-05
1288.0,-0.0007300768726208527,0.0014690603643783163,-2.8069408804771754e-06,2.612321360901753e-05
1296.0,-0.000704627374574177,0.0013901194383321032,-4.645014120911719e-06,2.3794088641021077e-05
1304.0,-0.0006176692323400802,0.001330853185990506,-4.398876018200636e-06,2.7035275934518305e-05
1312.0,-0.0005283938376553997,0.0013016469525179524,-6.792080956699761e-06,2.1151527221296627e-05
1320.0,-0.000448829365401046,0.0012843860651890573,-7.343978713491329e-06,2.32082366796491e-05
1328.0,-0.00037821732904513063,0.0012466302645968471,-8.687886429588675e-06,1.9359541534692206e-05
1336.0,-0.0003417737603523217,0.0011134508981299966,-9.211282549963519e-06,2.2450855726144123e-05
1344.0,-0.0003944037137075152,0.0009257977922900278,-2.9062334602346265e-06,1.8967242981668677e-05
1352.0,-0.0004553140706667942,0.0007316854792082841,-5.416295730552669e-06,2.3540592465962156e-05
1360.0,-0.00046803515434918594,0.0005571392740259566,2.1832782629008696e-06,1.8092986954799776e-05
1368.0,-0.0003854038674207509,0.00041789731411210734,-5.3620613837600995e-06,2.3454083447515956e-05
1376.0,-0.0002574946237839335,0.00028636370565043087,2.756069645855433e-07,1.2113792464534138e-05
1384.0,-0.00013460201676225608,0.00011714942612577559,-8.100117136335879e-06,1.8024771025525617e-05
1392.0,-2.4428386847942793e-05,-7.570343397415893e-05,-1.1620063008697756e-06,9.964555557662799e-06
1400.0,6.042914649785478e-05,-0.00026225988573929044,-8.632628053268848e-06,1.5914343903971832e-05
1408.0,9.758087798578379e-05,-0.0003893169774467793,1.487686908689949e-06,9.201974775196611e-06
1416.0,0.00010179241449395883,-0.00044040394178561083,-3.54498323867575e-06,1.3501761463269371e-05
1424.0,0.00016039322817083988,-0.00048457257508849387,4.595307914411717e-06,6.175411620405654e-06
1432.0,0.0002593726926919041,-0.0005122180107685668,-1.2720539919600156e-06,1.1267223208032612e-05
1440.0,0.0003696052519260766,-0.0005122704012396999,3.980559022550189e-06,4.536236039682174e-06
1448.0,0.0004344310296698066,-0.000469933681437329,-5.305512543482821e-07,9.807273959931224e-06
1456.0,0.0004991350941897254,-0.0004115126885904552,2.0717180272854898e-06,5.021656538609693e-06
1464.0,0.0005496930542124306,-0.0003621392313033087,-1.174214506989192e-06,9.324140564032974e-06
1472.0,0.00055609967177976,-0.00032707169933082867,1.1133964907253266e-06,7.852665536784362e-06
1480.0,0.0004979396751126529,-0.0003027609270985467,-1.2187174607210555e-06,1.0933228974475946e-05
1488.0,0.00038836773382303893,-0.000260361677376447,3.4933718392467685e-06,8.37663996927521e-06
1496.0,0.0002774672857234093,-0.00020893614708804165,6.389645445121902e-07,1.1724735945418183e-05
1504.0,0.00019662599991857992,-0.00016800227677183437,5.2583287489247345e-06,8.00077444449518e-06
1512.0,0.00015607291669398704,-0.0001407724389621991,-5.629516730927976e-08,1.1927863562963723e-05
1520.0,0.0001573985051754776,-0.0001253470806739345,4.173038911798475e-06,6.112401745196211e-06
1528.0,0.00018963613497318692,-0.00011304885582271357,-2.5057899817797012e-06,1.3661134073269676e-05
1536.0,0.000226891955171872,-8.239016625915234e-05,-4.656128420716986e-08,8.32986889907978e-06
1544.0,0.00025671924481116286,-2.2240417347037413e-05,-4.117190084410803e-06,1.3879602835903211e-05
1552.0,0.00026468377172294487,7.06165034901935e-05,-1.425383738356384e-07,6.911937854644571e-06
1560.0,0.00023579208028050224,0.0001906457172802209,-3.32110205979617e-06,1.234861830914836e-05
1568.0,0.00017360692172420182,0.00025286370454238725,9.357763904361865e-07,7.052701762724922e-06
1576.0,0.00013222194554714058,0.00027543124858879004,-3.16975236319848e-06,1.3638711250429654e-05
1584.0,9.067980791684553e-05,0.00031345685014717037,-6.431976148984241e-07,1.008953198073355e-05
1592.0,2.8872401091688404e-05,0.000373436369868765,-4.0891204701776155e-06,1.334207884311431e-05
1600.0,-7.602428576918704e-05,0.00042461771673696114,-3.1017792129611775e-06,1.1772793744508956e-05
1608.0,-0.00018853794703284482,0.00041051543696845217,-6.074564943557139e-06,1.3657476202447688e-05
1616.0,-0.00028311465978626366,0.0003870885696734783,-5.693753574039076e-06,1.7803390159470492e-05
1624.0,-0.00037756569516995655,0.00038414418535513256,-7.682628079452151e-06,1.7224271270054037e-05
1632.0,-0.0004743004969274368,0.0004225528150423906,-7.609007515311332e-06,1.959397519778535e-05
1640.0,-0.0005497029346967204,0.0005164443480828451,-9.665021629601832e-06,1.6808552632608317e-05
1648.0,-0.0005963274261148809,0.0006004993410842408,-1.0656850563938029e-05,1.5684628869338637e-05
1656.0,-0.0006540239165149438,0.0006149458043357303,-1.2399845930946003e-05,1.3827568440690782e-05
1664.0,-0.0007059855427573931,0.0005591870043950074,-8.846904208688958e-06,1.3974823264200139e-05
1672.0,-0.0007412369593074511,0.0004416442612892742,-1.1722531013755235e-05,1.4527100752305768e-05
1680.0,-0.000775585267720896,0.00027534087004600253,-6.268312575135068e-06,1.7969216956789103e-05
1688.0,-0.0007615830278558208,0.00013546512487376075,-9.757758864108954e-06,1.913944179493927e-05
1696.0,-0.000654024195399581,8.500004339541226e-05,-7.5576049681050826e-06,1.563859920897115e-05
1704.0,-0.0004909804277163594,0.00011040621472166421,-1.1765393341457258e-05,1.5660877609409758e-05
1712.0,-0.0003329641532287976,0.00017357998943637976,-1.1997409174347442e-05,9.343313882841209e-06
1720.0,-0.0002777269074003212,0.00017779154586488604,-1.5109979604241761e-05,1.1122370029457089e-05
1728.0,-0.0002882306590135755,0.00011619089962768239,-8.752992919660006e-06,9.06078818258799e-06
1736.0,-0.0003053589167771455,6.746209911969686e-05,-1.0457374592110963e-05,1.2175312672473837e-05
1744.0,-0.00030899585133101036,5.7818094062052344e-05,-5.248399086317261e-06,1.151271888006155e-05
1752.0,-0.00029043257274634143,9.227666150885157e-05,-7.487681492938358e-06,1.2316265201190515e-05
1760.0,-0.0002398333377973289,0.00011246065824233933,-7.644853528848172e-06,1.0637313699084858e-05
1768.0,-0.000186324140862335,0.00011970020461936088,-9.749051811830682e-06,1.156036084223791e-05
1776.0,-0.00016686527406609193,0.00014327665368153586,-1.1393632649931174e-05,1.168025633582448e-05
1784.0,-0.00019074153407343402,0.00018938991967919232,-9.28192253454415e-06,1.0705393921102518e-05
1792.0,-0.0002487070087060866,0.0002501780255657169,-9.589433932752116e-06,1.1199093185186878e-05
1800.0,-0.00028389181166851374,0.0002928902436117607,-8.548508229549464e-06,8.998085827491899e-06
1808.0,-0.00030501903608571055,0.00030311343727998103,-8.027220551733175e-06,7.676045655001558e-06
1816.0,-0.00031448246832084395,0.000288197172936779,-8.45379203463678e-06,7.986604863887612e-06
1824.0,-0.00030986411880830345,0.00024980726836087655,-7.785361585174294e-06,7.1321894869231315e-06
1832.0,-0.00028251260761551943,0.0001842938407831098,-1.0332004119988085e-05,8.760975992400162e-06
1840.0,-0.0002561377105815848,0.0001129723517906273,-8.898733175485584e-06,6.376471258565451e-06
1848.0,-0.00023632947105607606,9.827314933666569e-05,-1.0471005078754639e-05,7.909361289504456e-06
1856.0,-0.00022030523788989828,0.00010492416944784771,-7.632064053688586e-06,2.2864794295241396e-06
1864.0,-0.00020560449161026638,9.598941284337527e-05,-1.165993510792915e-05,4.667747576416848e-06
1872.0,-0.0001909871318371605,3.0600674088897194e-05,-6.19599679268977e-06,-8.259137405477566e-07
1880.0,-0.0001990050253163059,-5.584001015106205e-05,-1.1631058097770824e-05,2.520309724459659e-06
1888.0,-0.00023430568492516284,-0.00015800495973942351,-4.269415653072232e-06,-1.6147148146221454e-06
1896.0,-0.00028426127405182426,-0.000279924637863529,-1.1771922230017672e-05,1.0325669454657154e-06
1904.0,-0.0003361175416624015,-0.00042601492876938676,-4.961091261548299e-06,-1.0773352442346573e-06
1912.0,-0.00038845645897833437,-0.0006051893440282134,-1.3034373221676858e-05,-4.837803397804411e-07
1920.0,-0.0004640418849102907,-0.0007565802358708853,-6.170815626484836e-06,-2.9183478229186417e-06
1928.0,-0.0005761295249901951,-0.000879807803262184,-1.4713060779393728e-05,-1.6375285739625428e-06
1936.0,-0.0007150640345118507,-0.0010007424608476612,-7.753442989441389e-06,-2.7559687991785846e-06
1944.0,-0.0008593918541918618,-0.0011442291644618448,-1.5077275400446e-05,-1.2262794052088169e-06
1952.0,-0.0009430596357948216,-0.0012748325930567676,-6.853686448557536e-06,-5.572713283917172e-06
1960.0,-0.000983765398398122,-0.00135048180388932,-1.5086730087655722e-05,-3.5359752026428092e-06
1968.0,-0.0009991646909329728,-0.0014152762668723576,-8.841043896245426e-06,-8.762720888913781e-06
1976.0,-0.0009728463477193984,-0.001505668514847742,-1.7198464480946432e-05,-6.108824800719843e-06
1984.0,-0.0008765990363077625,-0.0016568384902170806,-8.826164653837814e-06,-9.78844177679529e-06
1992.0,-0.000748828677220276,-0.0018914499522266139,-1.630346142910218e-05,-4.375353219570544e-06
2000.0,-0.0006456925567035737,-0.0020961866544475364,-6.10180848655466e-06,-3.5431194426851057e-06
2008.0,-0.0005449577524352427,-0.002222684741820068,-1.4706030147490474e-05,3.581594628689042e-07
2016.0,-0.0004317571236088928,-0.0022573596639843484,-6.729598347757544e-06,3.7085064364407923e-06
2024.0,-0.0002944170971598269,-0.0022147287208897203,-1.6443300909311416e-05,5.593963297256067e-06
2032.0,-5.3212662884314014e-05,-0.002024848282974337,-6.44831268812335e-06,7.585344651852284e-06
2040.0,0.00016660685756921936,-0.0017983093359921801,-1.455181939331997e-05,5.925060367639567e-06
2048.0,0.00030594945499643915,-0.0016856659186709774,-1.8910154113661978e-06,9.53502590557164e-06
2056.0,0.00035625420768888835,-0.0017621494726567394,-1.0787869072474777e-05,5.301769388742758e-06
2064.0,0.0003825329094433165,-0.002016460389262938,8.360539672814272e-07,1.8204381447034224e-06
2072.0,0.0004484693253344069,-0.002192676276768246,-1.016959801704776e-05,-6.708336506721981e-07
2080.0,0.0005290222444243604,-0.0021932364364824148,-4.87689518031093e-06,-3.9252558254850954e-06
2088.0,0.0006017734056290067,-0.002044065346829953,-1.0969558678555447e-05,-4.295204389379661e-06
2096.0,0.0006454447477830807,-0.00178999012758286,-9.750760602743948e-06,-6.641310817238774e-06
2104.0,0.0006340811948333057,-0.0014879849977714854,-9.244965340030924e-06,-1.1555692014606033e-05
2112.0,0.0006055694239480691,-0.001149252354865959,-5.795958568473291e-06,-1.01439568156935e-05
2120.0,0.0006016159154903077,-0.0008282445039629966,-3.2998607616021886e-06,-1.0756304062621191e-05
2128.0,0.0006304051367489065,-0.000537748943129308,-1.799006047086885e-06,-7.28194306698107e-06
2136.0,0.0006937950968582885,-0.00027714029348627976,1.77111307016577e-06,-3.944257953946829e-06
2144.0,0.0008045190707435575,-1.6705142458134726e-05,-1.05587777932132e-06,-1.5358970671891097e-06
2152.0,0.0008535274680405951,0.00026807086548253137,6.052201881710805e-06,5.420254273874149e-06
2160.0,0.0007730714016010787,0.0006029297808568697,9.864299020626954e-09,1.1116497266806542e-05
2168.0,0.000586282240526526,0.0009785976660706074,7.469807353232484e-06,1.6672684768437926e-05
2176.0,0.00035811269491126054,0.0013762032542979387,1.973935346384187e-06,1.8287434288012134e-05
2184.0,0.00020114403064304956,0.001820253732237067,8.246765012253095e-06,2.2055143326356163e-05
2192.0,9.80767149504132e-05,0.002223531754303939,6.6135387629533255e-06,1.9403698683924136e-05
2200.0,2.469721669796549e-05,0.0024325046344827674,7.357158502640939e-06,2.2152747969297106e-05
2208.0,-3.850914767864124e-05,0.0024326593756157575,6.450795881913157e-06,1.561253096551616e-05
2216.0,-0.00011400844805852753,0.002304309334889497,6.051867593652363e-06,1.9297495928016333e-05
2224.0,-0.0002654036526529106,0.0022689211055045557,3.8769415521297435e-06,1.8126815412289294e-05
2232.0,-0.00044961311091293294,0.0022669711441211785,1.1154314770624734e-06,2.8567089645060576e-05
2240.0,-0.0006308870095613441,0.0022869949017102578,-3.0604177577152155e-06,2.5311724055810865e-05
2248.0,-0.0007914238434000164,0.0023272253652104257,-1.9367255682960766e-06,2.8515002958978667e-05
2256.0,-0.0009310087915769723,0.0023967586359489477,-2.2019917021873662e-06,2.4412819109087066e-05
2264.0,-0.0010484735665062738,0.0024369247169385828,-7.19321915670631e-07,2.8141305015240533e-05
2272.0,-0.0011503808017894386,0.0023803721714796954,-1.902935550820727e-06,2.2004710027766293e-05
2280.0,-0.0012335202962081965,0.0022130866481458243,-2.4617009974311976e-06,2.2007732938030344e-05
2288.0,-0.001296717228307966,0.0019440681525863819,-2.361223936103539e-06,1.6300579206177435e-05
2296.0,-0.001341384427660857,0.0016140367103618298,-6.65884008621024e-06,1.908560834481269e-05
2304.0,-0.0013745230938807316,0.0012701048610054466,-5.144395036968897e-06,1.1562860843807193e-05
2312.0,-0.0013860520254203724,0.0009214357975200775,-1.3192849416771842e-05,1.2897874132010638e-05
2320.0,-0.0013930692409805433,0.0005785477735201117,-7.374471138010285e-06,5.5289912694205336e-06
2328.0,-0.0014181677427909582,0.0002534857168850233,-1.797232577348158e-05,3.5938257120638547e-06
2336.0,-0.0015035371987688528,-2.8476287795234455e-05,-1.087850159948545e-05,-3.5839601680225257e-07
2344.0,-0.0015775643368700631,-0.0002602586295029976,-2.8372345996921183e-05,-5.671080502037986e-06
2352.0,-0.001597334867208555,-0.000499155293405592,-2.0462932416547247e-05,-9.643536929860642e-06
2360.0,-0.0015628849651058404,-0.0007791414452519571,-3.533561730012305e-05,-1.7733228262839367e-05
2368.0,-0.0014922323311148797,-0.0011228897885170556,-2.529763042146611e-05,-2.234128394421716e-05
2376.0,-0.0014464970036014717,-0.00151778820373032,-3.5939539491961436e-05,-2.6825475006010936e-05
2384.0,-0.0014962222937787908,-0.002034766536212099,-2.8604831202615955e-05,-2.7656055706659515e-05
2392.0,-0.0015663890310504056,-0.0026349952795169202,-3.611632247145618e-05,-3.2226723416361245e-05
2400.0,-0.0016029498508128301,-0.003199675952699017,-3.353767045439825e-05,-3.496273110988251e-05
2408.0,-0.0015582157988283337,-0.003568169889186471,-3.679604152362219e-05,-3.1514292690275266e-05
2416.0,-0.0014965609394096894,-0.0035865396218329156,-3.606030650003928e-05,-2.231920225704944e-05
2424.0,-0.0014735252277387348,-0.0034902166928439332,-3.544356557505482e-05,-1.124693808573764e-05
2432.0,-0.00147362626365873,-0.0034008553618503296,-3.982170328342502e-05,-5.58846590834712e-06
2440.0,-0.0014822122451438736,-0.0033602032247786987,-3.7382013006981535e-05,-2.8671102409553853e-06
2448.0,-0.0014830576640012466,-0.003362973903808725,-3.4987004033485455e-05,-2.318849500889048e-06
2456.0,-0.001412178416322221,-0.003343917636866792,-3.16942629227667e-05,-1.7478235572896844e-06
2464.0,-0.0013016402592866594,-0.0033126140315597637,-3.0238445275864348e-05,-2.1708655621311775e-06
2472.0,-0.0011991574857936164,-0.003218304171563493,-2.6875903324518e-05,-8.829935821543668e-07
2480.0,-0.0011400746598619793,-0.003022715204168381,-2.571145538242434e-05,-2.6125906588795594e-06
2488.0,-0.0011472245448281375,-0.00269494830519798,-2.9493340226479446e-05,1.705811267471839e-06
2496.0,-0.0013677476314603598,-0.002302120807619317,-3.974055532412091e-05,7.756176432392264e-06
2504.0,-0.001646619200933781,-0.0019012034244844463,-6.078709492971473e-05,9.187060049698999e-06
2512.0,-0.0017795351409404551,-0.0015324991292992101,-7.31643736154193e-05,4.806372538931449e-06
2520.0,-0.001641939038633436,-0.0012209501687958607,-7.775187649505122e-05,-3.336174902922917e-06
2528.0,-0.0012675357757274616,-0.0009699179793473611,-6.082090969197653e-05,-1.936625344129579e-05
2536.0,-0.0009349649693591185,-0.0008464906508744945,-5.545090632115943e-05,-3.115825163013053e-05
2544.0,-0.0006341598004603368,-0.0007997790677681993,-4.6054266956637985e-05,-5.249038155443512e-05
2552.0,-0.00034659583509234467,-0.0006910954138887639,-4.2948752059060965e-05,-5.054864228777276e-05
2560.0,-5.535556263581302e-05,-0.0003935207649461061,-3.4571421103296234e-05,-4.5859231973654365e-05
2568.0,0.00023524486878163237,0.00010614995706987931,-2.3056199731624002e-05,-2.213680672423083e-05
2576.0,0.0005749557792335001,0.0005672809138581239,-1.7618223210569602e-05,-1.0864233662242439e-05
2584.0,0.0009509958160752644,0.0009823631664422263,-5.3696989632554975e-06,1.3516175067934498e-05
2592.0,0.0013361152610067227,0.001336055181287735,7.20333743995011e-06,2.038756010827895e-05
2600.0,0.0016959199490119406,0.0016045669036207028,1.2973678462462475e-05,3.31967613758636e-05
2608.0,0.0019956313722042443,0.001670083757495441,1.9453640199336782e-05,3.565144668163996e-05
2616.0,0.0022204576487886278,0.0016243085893195743,1.882237486284473e-05,3.934508196830771e-05
2624.0,0.0023813461959954854,0.0015599785090981552,2.441810546698705e-05,3.927640662639457e-05
2632.0,0.0024877301671564814,0.0015248886065937046,1.9970117117161188e-05,4.367430032326146e-05
2640.0,0.002553289570858725,0.0015468210506398537,2.4875857248347373e-05,4.4866059039470545e-05
2648.0,0.002604557332123794,0.0016254123350323295,2.0512261381774592e-05,4.6412509213383565e-05
2656.0,0.002652399274505367,0.0016838146027678476,2.9711818949278597e-05,4.8768347345558564e-05
2664.0,0.002668835619484017,0.0016914923765115834,2.3030975612204852e-05,4.765881477658138e-05
2672.0,0.002653264773056619,0.0016317291517464769,3.27582426743052e-05,4.880153461738664e-05
2680.0,0.002637047073633542,0.0014989545664102065,2.7212917978297313e-05,4.9264662398137475e-05
2688.0,0.002664698246369009,0.0012737278114867885,3.5415759282700074e-05,4.547410224983199e-05
2696.0,0.0026766710028884397,0.001011540794319135,3.3948676688487526e-05,4.6253734213320146e-05
2704.0,0.0026435396673504573,0.0007468713851550064,3.998805796952121e-05,3.836970037995309e-05
2712.0,0.002548775942527457,0.0005021229446708135,4.101083749599463e-05,4.252724283033101e-05
2720.0,0.0023842226918250014,0.00028445111480843985,3.785613930061238e-05,3.159587640682501e-05
2728.0,0.0022242871332641555,6.651421505856294e-05,3.878661797233467e-05,3.6811908067446355e-05
2736.0,0.0021132728803122127,-0.0001350068875343267,3.684292153312903e-05,2.3196672927370473e-05
2744.0,0.0020309454979570126,-0.0003059645745278422,3.875705122070753e-05,2.9147854451844857e-05
2752.0,0.001943644885388421,-0.0004465284077814078,3.6168620811057404e-05,1.453886370789669e-05
2760.0,0.0017932969025669298,-0.000603341613784705,3.3242605528146516e-05,2.1837115301051077e-05
2768.0,0.0015762425830523343,-0.0008104388354156417,2.8682430852919837e-05,1.0836017758076784e-05
2776.0,0.0013316206765121102,-0.0010195052614699232,2.5438133497709424e-05,1.4563208842700343e-05
2784.0,0.0010770808354594239,-0.001189586324407195,1.895459357133805e-05,5.4059844691000844e-06
2792.0,0.0008281231493051475,-0.0012864638354176021,1.2107578566211285e-05,1.0258823670665362e-05
2800.0,0.000609622773105952,-0.0013264239401823258,5.797653664158837e-07,5.96353026230552e-06
2808.0,0.00038147322750324076,-0.001369139823569316,-4.244759885603472e-06,8.47652673516261e-06
2816.0,0.00012610122457361471,-0.0013678067550034487,-1.6323476381904853e-05,3.5470733171789535e-06
2824.0,-0.00013648516535469014,-0.0013155971604778566,-1.874323387691198e-05,4.205824353195033e-06
2832.0,-0.00036744202347655804,-0.0012280343963502873,-2.6220788371461625e-05,1.4784938314551981e-06
2840.0,-0.0005251554690887714,-0.0011789886285118632,-2.7034526432055804e-05,8.980253395979537e-07
2848.0,-0.00047314977907364297,-0.0011275703492240254,-2.6844364460099154e-05,-5.017784835482166e-06
2856.0,-0.00020966813957939485,-0.001054585283490084,-1.8629476335385453e-05,-1.5995540419083308e-06
2864.0,0.00016391466464423703,-0.0009573084893605161,-1.2913341024189515e-05,-5.491557231978506e-06
2872.0,0.00043871609212054916,-0.0008460579812801934,-3.4129665347913068e-06,-7.045372948363579e-07
2880.0,0.0005485966790222304,-0.0007558577652978597,-2.890080561649038e-07,3.688050123799317e-07
2888.0,0.0007349336087372147,-0.0006247693164781651,8.514697824860124e-06,7.472486015272479e-06
2896.0,0.0009904934504301676,-0.0004156175118842347,1.138956392227758e-05,6.033519723569443e-06
2904.0,0.001272735460266268,-0.0001407012436983855,2.050286894559996e-05,1.4144555691460402e-05
2912.0,0.0014828159108614476,0.00011877936738795358,1.7479258979913754e-05,8.586023815847464e-06
2920.0,0.001576209116895869,0.0002886074122381159,2.214405772479831e-05,1.5739005148491215e-05
2928.0,0.001559914126587622,0.00042658178171484876,1.672326746951202e-05,1.2503241165171172e-05
2936.0,0.001435684407172838,0.0005254888159115632,2.344468105117571e-05,1.7588131060206285e-05
2944.0,0.0012231061064041494,0.0005793430728241117,1.60421851196775e-05,1.5681414225886503e-05
2952.0,0.0009817932059250926,0.0005885647120787834,2.0572087116539096e-05,1.8660006733035815e-05
2960.0,0.0007450773601244924,0.0006400742663243141,1.0920103966237218e-05,1.6683557534227037e-05
2968.0,0.0005381969912193182,0.0007186297738019019,1.6479681659239694e-05,2.179071088945234e-05
2976.0,0.00036029683970856984,0.0007987216169052212,4.867710351338329e-06,1.8620964128847018e-05
2984.0,0.00020389839492179865,0.0008559216528103866,7.57397450029279e-06,2.293841330310634e-05
2992.0,5.082882174651338e-05,0.0008814526648524527,-1.25670210856847e-07,2.0275924082028343e-05
3000.0,-0.00014270333658858992,0.000865429387862174,1.946627062310171e-06,2.3683291758723507e-05
3008.0,-0.00039112040487363354,0.0008146077623353172,-2.8408390591259965e-06,2.1989085017958283e-05
3016.0,-0.0006666254782099595,0.0007384285113294144,-2.3372134006135044e-06,2.3133742110975597e-05
3024.0,-0.0009256247244523073,0.0006495479774503617,-3.121054623466964e-06,2.0524198640263775e-05
3032.0,-0.0011457882092651775,0.0005611638980662067,-4.217178008230228e-06,2.1075242312853885e-05
3040.0,-0.0013535372639746008,0.0004910979576706124,-2.61823371521062e-06,1.544267030112361e-05
3048.0,-0.001534958732436759,0.0004200096660356662,-4.297198912543998e-06,1.4699259724913903e-05
3056.0,-0.0016844667147309714,0.00032551562265684906,-3.019246168126283e-06,9.378555438827308e-06
3064.0,-0.0018017369078648247,0.00018258425803667694,-7.608000293563548e-06,1.059949370522526e-05
3072.0,-0.001878306358318848,1.232737701095438e-05,-4.551180023166281e-06,7.1686225277208855e-06
3080.0,-0.0019792219595134164,-0.00014450623612666662,-8.52356361727788e-06,9.6365480061509e-06
3088.0,-0.00212530603527593,-0.0002756599738319653,-4.60727443088739e-06,9.03267001254743e-06
3096.0,-0.0023097209717525833,-0.0003679967648606326,-6.892659954097381e-06,1.121797143408878e-05
3104.0,-0.002494264673250303,-0.00040664981701207456,-2.1242972746825597e-06,9.996441782857459e-06
3112.0,-0.002614466661053165,-0.00040183567056388086,-2.0460330945790766e-06,1.2832251580858398e-05
3120.0,-0.0026495001491795745,-0.00038654398765833076,4.2064904392705136e-06,1.0817513015385434e-05
3128.0,-0.002592250073402361,-0.0003659017834659058,1.1654066080340708e-06,1.3526650672119724e-05
3136.0,-0.0024530107828128964,-0.00034661738889073485,7.142185135627802e-06,1.3888629235991504e-05
3144.0,-0.0022672360048452043,-0.00034118615042171875,5.614851632081079e-06,1.746935110516856e-05
3152.0,-0.002086392544713996,-0.00029540416949257176,1.2975558443722243e-05,1.8305777178012248e-05
3160.0,-0.0018751677109303535,-0.0001749400500510627,8.768537625632748e-06,2.2618231329215812e-05
3168.0,-0.001608938539830968,8.563962827148913e-07,1.709255305988286e-05,2.4424965531054155e-05
3176.0,-0.001272462312684451,0.00020486757879709957,1.9075602113432057e-05,3.3227857012912594e-05
3184.0,-0.0008772472438859652,0.0003977556281621507,2.8879144123809535e-05,3.303265270711352e-05
3192.0,-0.00041338133518175436,0.0006022807366247555,3.367132591678148e-05,4.481167155513164e-05
3200.0,5.687857155995193e-05,0.00080556735825417,4.7400507841530574e-05,4.865278950409718e-05
3208.0,0.0004920462052777913,0.0009853660368530615,5.1553896902847184e-05,6.23601287856533e-05
3216.0,0.0008665815001391539,0.0011251864433451482,5.9316008348925087e-05,6.448264007813909e-05
3224.0,0.0012399712165921796,0.001262873541725223,5.9999121327524293e-05,7.162774914488513e-05
3232.0,0.0016327764830811906,0.001511751546554582,7.015234981238434e-05,7.513538580882317e-05
3240.0,0.0019547296732229727,0.0018487798059201263,6.627100773458397e-05,8.066262035403341e-05
3248.0,0.0021586141039925794,0.0022167870488749857,7.451994717549283e-05,8.134465265466343e-05
3256.0,0.0022220947812903796,0.0025355899581548354,6.892130820299101e-05,8.267314452443067e-05
3264.0,0.0022470743985640177,0.002771738791647324,7.884089112286218e-05,8.670400860843845e-05
3272.0,0.002295846222007376,0.002980235814953746,7.053585104912871e-05,8.319243767908262e-05
3280.0,0.0023746768690999036,0.0031435611764392257,8.141923437478607e-05,8.423592936995175e-05
3288.0,0.002487510565425009,0.00325619327901229,6.915894281430858e-05,7.861604536419387e-05
3296.0,0.0026363270731815888,0.003322564316690142,7.868176253691945e-05,8.003027931965498e-05
3304.0,0.0027456326398020044,0.003361977887247258,6.349685758684133e-05,6.94768115397351e-05
3312.0,0.002792813545912063,0.0033864489783052734,7.301541435856914e-05,6.709970347388998e-05
3320.0,0.002756709618866714,0.0034053838109080322,5.989817504901963e-05,5.6384019456686805e-05
3328.0,0.0026320626880346623,0.0034219046180910943,6.436631032384256e-05,5.658061320558913e-05
3336.0,0.0024299172225000516,0.003429620001420191,4.9812227482886664e-05,4.9274841687395667e-05
3344.0,0.00224234881790847,0.003372350483399698,5.39058804509293e-05,5.180077454785515e-05
3352.0,0.0021081936739366816,0.0032438493668813947,4.4828793079823254e-05,4.873380549120689e-05
3360.0,0.0020208344159129508,0.0030564258229385127,5.239513249066206e-05,5.1274842942821024e-05
3368.0,0.001955668000505199,0.0028265455192772715,5.201549579817617e-05,5.3743370388760376e-05
3376.0,0.0018391828277844315,0.0025773467971151203,5.895164059032649e-05,6.42358271742076e-05
3384.0,0.0016312408645873834,0.0023071534801010966,6.606516099182564e-05,7.93479382538909e-05
3392.0,0.0013681951217810956,0.0020293877280548782,6.62752258647218e-05,9.495922295368454e-05
3400.0,0.0010566159620556026,0.0017607013442576917,7.242765004539913e-05,0.00010875273758813876
3408.0,0.0007014880100537584,0.0015187639812352578,5.900833883308799e-05,0.00011160118559128402
3416.0,0.00030649509278914193,0.00133004952014739,5.4604929694511975e-05,0.00011767820135809271
3424.0,-8.793723647418418e-05,0.0011478310790734086,2.5970862915775565e-05,0.00010196315165292547
3432.0,-0.00044400908349083364,0.0009253885490052523,7.490252460687643e-06,8.208307443292088e-05
3440.0,-0.0007356525733319438,0.0006558931607161798,-2.7243398575119605e-05,4.177234444810549e-05
3448.0,-0.0009461193986716477,0.000346933405025357,-5.169965894653504e-05,4.220488207021227e-06
3456.0,-0.0011011355915947468,1.846267655438836e-06,-8.662928744599721e-05,-6.001481854853302e-05
3464.0,-0.0012612447757625873,-0.00035352305059602147,-0.00012902392561141732,-0.00011886856067103293
3472.0,-0.001444691265416195,-0.0006830825004924258,-0.00018584655092111166,-0.0002198891420111799
3480.0,-0.0016601632731805818,-0.0009692339151729457,-0.0002601745457848786,-0.0003282344291443538
3488.0,-0.0019095369755322519,-0.001204540278017083,-0.00035508584042162535,-0.0004981184800057674
3496.0,-0.002101902036521208,-0.0013565269072854994,-0.0004741587040097463,-0.000716449931796138
3504.0,-0.0021692555449352906,-0.0014585908757347764,-0.0006040163154034426,-0.0010003104287039594
3512.0,-0.0021511827049054883,-0.0016090137590016901,-0.0007590592015703887,-0.001386412822459598
3520.0,-0.0020846225037622823,-0.001878664924280976,-0.000914327585886851,-0.0018436381293858598
3528.0,-0.0020072828536216083,-0.002322157632945683,-0.001086084904856409,-0.0024301159477243955
3536.0,-0.0019370600206972514,-0.0028537445801751576,-0.001258155451114217,-0.0030554288502011467
3544.0,-0.00189355513283093,-0.003387384437059803,-0.0013867854123349116,-0.003697569492324542
3552.0,-0.0018557756668852194,-0.003886406901696758,-0.0014831661899657842,-0.0042580348640558615
3560.0,-0.001799924317085605,-0.004309226928062259,-0.0015162659716990992,-0.004733009823558061
3568.0,-0.0016897881523342513,-0.004577272992732409,-0.0014749953481834597,-0.0049651868617287195
3576.0,-0.0015089402300488483,-0.004643186978330536,-0.0014307989857795056,-0.005103606390847434
3584.0,-0.0012895629608689373,-0.004615722100532725,-0.0013422845079071233,-0.005027581163842596
3592.0,-0.0010292088532183575,-0.004519934311321888,-0.0012562278801831414,-0.004974433082672127
3600.0,-0.0007207839584210423,-0.004351394922659117,-0.0011767871928670467,-0.004826120001526376
3608.0,-0.00034166539375043417,-0.00400383231405155,-0.0010571907831335564,-0.004738043452215739
3616.0,3.572980081448916e-05,-0.0034440815244420903,-0.001001602700431469,-0.004560250193202367
3624.0,0.0004024641570141664,-0.0027425269804820258,-0.0008026240097930481,-0.004236773336765516
3632.0,0.0007590372095247117,-0.0018947232610542182,-0.0005049241416482827,-0.0035340171984256986
3640.0,0.0011101528084103429,-0.0008929990466022505,-0.00018284860083209024,-0.0025835904663729934
3648.0,0.0014717596489412163,0.00027555565105731724,6.696403605805258e-06,-0.0017554044485024861
