family,impure_pairs,impure_wavenumbers,pure_pairs,pure_wavenumbers,dup_pairs,total
C-H bending,13,"716, 724, 752, 784, 828, 832, 920, 1388, 1408, 1432, 1436, 1480, 1864",20,"712, 716, 740, 748, 752, 760, 776, 788, 800, 816, 832, 840, 844, 848, 852, 924, 940, 960, 1360, 1456, 1852, 1868, 1872",1,34
no match in table,22,"292, 304, 308, 328, 332, 348, 360, 2320, 2324, 2344, 2352, 2380, 2384, 2388, 2404, 2432, 2440, 2448, 2472",8,"216, 220, 284, 308, 336, 356, 2384",0,30
C=O stretching,14,"1632, 1660, 1664, 1672, 1680, 1684, 1756, 1760, 1784, 1788, 1796, 1808, 1816, 1824, 1828, 1836",8,"1640, 1656, 1712, 1752, 1768, 1772, 1796, 1800, 1832",0,22
C-H stretching,15,"2688, 2692, 2708, 2716, 2736, 2760, 2768, 2792, 2808, 2832, 2844, 2912, 2916, 2944, 2952, 3008, 3032, 3040, 3056, 3064, 3072, 3096, 3100, 3256, 3312, 3320",5,"2752, 2864, 2960, 2976, 3048, 3256, 3272",0,20
C-I stretching,13,"484, 488, 492, 500, 512, 520, 528, 532, 552, 556, 560, 608",7,"528, 548, 560, 580, 584, 612",0,20
O-H stretching,14,"2480, 2488, 2508, 2640, 3124, 3136, 3144, 3164, 3168, 3176, 3184, 3212, 3232, 3240, 3448, 3456, 3464, 3536, 3552, 3568, 3608",4,"3192, 3432, 3448, 3464, 3568",0,18
C=C bending,5,"884, 892, 896, 900, 912, 1008",10,"656, 868, 872, 880, 896, 904, 908, 912, 944, 972, 988, 992",0,15
C-O stretching,3,"1088, 1112, 1252",10,"1092, 1116, 1128, 1152, 1160, 1168, 1180, 1204, 1256, 1264",0,13
C=C stretching,8,"1592, 1600, 1612, 1616, 1620, 1624",5,"1584, 1588, 1600, 1620, 1628",0,13
C=C=C stretching,8,"1936, 1952, 1964, 1968, 1976, 1992, 2008, 2016",3,"1880, 2000",0,11
N-H stretching,9,"3336, 3352, 3360, 3416, 3480, 3484, 3496, 3504, 3516",1,3368,0,10
N-O stretching,3,"1488, 1528",6,"1488, 1496, 1512, 1516, 1528, 1532",0,9
M-O stretching,8,"380, 392, 404, 432, 448, 468",1,472,0,9
S=O stretching,3,"1300, 1312, 1356",5,"1300, 1344, 1352, 1356, 1416",0,8
S-H stretching,7,"2532, 2544, 2552, 2568, 2584, 2588, 2592, 2600, 2616",1,2544,0,8
C≡N stretching,7,"2224, 2232, 2240, 2256, 2264, 2280",1,2208,0,8
aromatic C-H bending,4,"660, 664, 688",3,"680, 704, 708",0,7
N=C=S stretching,3,"2036, 2044, 2048",1,2024,0,4
N=C=N stretching,3,"2104, 2140, 2156",0,,0,3
C≡C stretching,3,"2096, 2196, 2200",0,,0,3
CO-O-CO stretching,0,,3,"1020, 1052",0,3
C-Br stretching,2,"624, 636",1,628,0,3
N-H bending,1,1572,0,,0,1
