device,pair,x,y,wavenumber,wavenumber_pos_axis,wavenumber_neg_axis,position_uncertainty,aligned,confidence,symmetry,strength,snr,duplicated_across_devices,candidate_bonds
impure,13_14,1.0,3.5,1388.0,1319.4,1456.6,68.6,True,confirmed,odd,1.9906813042852936e-07,2.15,False,C-H bending [aldehyde] 1380-1390; S=O stretching [sulfonyl chloride] 1380-1410; S=O stretching [sulfate] 1380-1415
impure,13_14,1.0,3.5,1480.0,1416.6,1543.4,63.4,True,tentative (+V),,3.024831612393353e-07,3.27,False,C-H bending [alkane] 1465-1465; N-O stretching [nitro compound] 1500-1550; C-H bending [alkane] 1450-1450
impure,13_14,1.0,3.5,1660.0,1606.8,1713.2,53.2,True,confirmed,even,1.60965550627003e-06,17.39,False,C=C stretching [alkene] 1626-1662; C=N stretching [imine/oxime] 1640-1690; C-H bending (overtone) [aromatic compound] 1650-2000
impure,13_14,1.0,3.5,1824.0,1780.1,1867.9,43.9,True,single-half (+V),,1.3772548193014212e-06,14.88,False,C-H bending (overtone) [aromatic compound] 1650-2000; C=O stretching [anhydride] 1818-1818; C=O stretching [acid halide] 1785-1815
impure,13_14,1.0,3.5,1864.0,1822.3,1905.7,41.7,True,single-half (-V),,1.8000692758511751e-06,19.45,False,C-H bending (overtone) [aromatic compound] 1650-2000; C=C=C stretching [allene] 1900-2000; C=O stretching [anhydride] 1818-1818
impure,13_14,1.0,3.5,1992.0,1957.6,2026.4,34.4,True,single-half (+V),,1.1747452294334988e-06,12.69,False,C=C=C stretching [allene] 1900-2000; N=C=S stretching [isothiocyanate] 1990-2140; C-H bending (overtone) [aromatic compound] 1650-2000
impure,13_14,1.0,3.5,2104.0,2075.9,2132.1,28.1,True,single-half (-V),,1.025748140289591e-06,11.08,False,C≡C stretching [alkyne] 2100-2140; N=C=S stretching [isothiocyanate] 1990-2140; N=C=N stretching [carbodiimide] 2120-2145
impure,13_14,1.0,3.5,2264.0,2245.0,2283.0,19.0,True,single-half (-V),,9.080114231027028e-07,9.81,False,C≡N stretching [nitrile] 2222-2260; C≡C stretching [alkyne] 2190-2260; C≡C stretching [terminal alkyne] 2200-2250
impure,13_14,1.0,3.5,2352.0,2338.0,2366.0,14.0,True,single-half (+V),,8.270534885818678e-07,8.94,False,
impure,13_14,1.0,3.5,2488.0,2481.7,2494.3,6.3,True,tentative (-V),,2.9193558723560707e-07,3.15,False,O-H stretching [carboxylic acid] 2500-3300
impure,14_23,1.5,3.5,2208.0,2316.0,2100.0,108.0,True,tentative (-V),,1.290121748362334e-07,2.45,False,C≡C stretching [terminal alkyne] 2200-2250; C≡C stretching [alkyne] 2190-2260; C≡N stretching [nitrile] 2222-2260
impure,14_23,1.5,3.5,2448.0,2546.0,2350.0,98.0,True,confirmed,even,1.482494737812743e-06,28.18,False,O-H stretching [carboxylic acid] 2500-3300; S-H stretching [thiol] 2550-2600
impure,14_23,1.5,3.5,2692.0,2779.8,2604.2,87.8,True,confirmed,even,1.49069465349533e-06,28.33,False,O-H stretching [carboxylic acid] 2500-3300; C-H stretching [aldehyde] 2695-2830; O-H stretching [alcohol] 2700-3200
impure,14_23,1.5,3.5,2920.0,2998.3,2841.7,78.3,True,tentative (+V),,8.43416932892155e-08,1.6,False,C-H stretching [alkane] 2840-3000; N-H stretching [amine salt] 2800-3000; O-H stretching [alcohol] 2700-3200
impure,14_24,1.5,4.0,2008.0,2089.5,1926.5,81.5,True,confirmed,odd,3.553407636501222e-07,2.07,False,N=C=S stretching [isothiocyanate] 1990-2140; C=C=C stretching [allene] 1900-2000; C-H bending (overtone) [aromatic compound] 1650-2000
impure,14_24,1.5,4.0,2080.0,2160.0,2000.0,80.0,True,tentative (+V),,2.61070965902831e-08,0.15,False,N=C=S stretching [isothiocyanate] 1990-2140; C≡C stretching [alkyne] 2100-2140; N=C=N stretching [carbodiimide] 2120-2145
impure,14_24,1.5,4.0,2196.0,2273.6,2118.4,77.6,True,confirmed,even,2.695139695814216e-06,15.73,False,C≡C stretching [alkyne] 2190-2260; C≡C stretching [terminal alkyne] 2200-2250; S-C≡N stretching [thiocyanate] 2140-2175
impure,14_24,1.5,4.0,2404.0,2477.4,2330.6,73.4,True,confirmed,even,2.750303887563763e-06,16.05,False,
impure,14_24,1.5,4.0,2532.0,2602.8,2461.2,70.8,True,confirmed,even,2.7566067659884137e-07,1.61,False,O-H stretching [carboxylic acid] 2500-3300; S-H stretching [thiol] 2550-2600
impure,14_24,1.5,4.0,2568.0,2638.0,2498.0,70.0,True,confirmed,even,2.583394168859201e-07,1.51,False,S-H stretching [thiol] 2550-2600; O-H stretching [carboxylic acid] 2500-3300
impure,21_22,2.0,1.5,1432.0,1530.7,1333.3,98.7,True,confirmed,even,2.4872605492186975e-07,2.8,False,O-H bending [carboxylic acid] 1395-1440; O-H bending [alcohol] 1330-1420; S=O stretching [sulfate] 1380-1415
impure,21_22,2.0,1.5,1624.0,1717.7,1530.3,93.7,True,confirmed,even,2.2971971463581796e-06,25.83,False,C=C stretching [conjugated alkene] 1600-1650; N-H bending [amine] 1580-1650; C=C stretching [cyclic alkene] 1566-1650
impure,21_22,2.0,1.5,1816.0,1904.8,1727.2,88.8,True,confirmed,even,2.1832168538921567e-06,24.55,False,C-H bending (overtone) [aromatic compound] 1650-2000; C=O stretching [acid halide] 1785-1815; C=O stretching [anhydride] 1818-1818
impure,21_22,2.0,1.5,2016.0,2099.7,1932.3,83.7,True,confirmed,odd,1.2249637710175243e-07,1.38,False,N=C=S stretching [isothiocyanate] 1990-2140; C=C=C stretching [allene] 1900-2000; C-H bending (overtone) [aromatic compound] 1650-2000
impure,21_31,2.5,1.0,432.0,487.8,376.2,55.8,True,single-half (+V),,6.354880832334781e-07,5.74,False,M-O stretching [metal-oxygen (inorganic)] 400-600; C-I stretching [halo compound] 500-600
impure,21_31,2.5,1.0,576.0,633.2,518.8,57.2,True,tentative (+V),,2.8008798639894866e-08,0.25,False,C-I stretching [halo compound] 500-600; C-Br stretching [halo compound] 515-690; M-O stretching [metal-oxygen (inorganic)] 400-600
impure,21_31,2.5,1.0,1592.0,1659.2,1524.8,67.2,True,tentative (+V),,5.371066512004779e-07,4.85,False,N-H bending [amine] 1580-1650; C=C stretching [cyclic alkene] 1566-1650; C=C stretching [conjugated alkene] 1600-1650
impure,21_31,2.5,1.0,1796.0,1865.3,1726.7,69.3,True,confirmed,even,4.953456288292442e-07,4.47,False,C=O stretching [acid halide] 1785-1815; C=O stretching [conjugated acid halide] 1770-1800; C-H bending (overtone) [aromatic compound] 1650-2000
impure,21_31,2.5,1.0,1976.0,2047.0,1905.0,71.0,True,single-half (+V),,2.0694811900625686e-06,18.68,False,C=C=C stretching [allene] 1900-2000; C-H bending (overtone) [aromatic compound] 1650-2000; N=C=S stretching [isothiocyanate] 1990-2140
impure,21_31,2.5,1.0,2044.0,2115.7,1972.3,71.7,True,confirmed,even,1.7880865422509193e-06,16.14,False,N=C=S stretching [isothiocyanate] 1990-2140; C=C=C stretching [allene] 1900-2000; C-H bending (overtone) [aromatic compound] 1650-2000
impure,21_31,2.5,1.0,2256.0,2329.8,2182.2,73.8,True,confirmed,even,2.0408936033105104e-06,18.42,False,C≡N stretching [nitrile] 2222-2260; C≡C stretching [alkyne] 2190-2260; C≡C stretching [terminal alkyne] 2200-2250
impure,21_31,2.5,1.0,2432.0,2507.6,2356.4,75.6,True,confirmed,even,5.081825397673632e-07,4.59,False,O-H stretching [carboxylic acid] 2500-3300
impure,21_32,2.5,1.5,1968.0,2125.1,1810.9,157.1,True,tentative (+V),,3.5764542567475174e-07,3.89,False,C=C=C stretching [allene] 1900-2000; C-H bending (overtone) [aromatic compound] 1650-2000; N=C=S stretching [isothiocyanate] 1990-2140
impure,21_32,2.5,1.5,2016.0,2173.3,1858.7,157.3,True,tentative (-V),,4.90546027797316e-07,5.34,False,N=C=S stretching [isothiocyanate] 1990-2140; C=C=C stretching [allene] 1900-2000; C-H bending (overtone) [aromatic compound] 1650-2000
impure,21_32,2.5,1.5,2200.0,2358.2,2041.8,158.2,True,confirmed,even,2.7147305985258557e-06,29.53,False,C≡C stretching [terminal alkyne] 2200-2250; C≡C stretching [alkyne] 2190-2260; C≡N stretching [nitrile] 2222-2260
impure,21_32,2.5,1.5,2388.0,2547.1,2228.9,159.1,True,confirmed,even,2.731330411633848e-06,29.71,False,O-H stretching [carboxylic acid] 2500-3300; C≡N stretching [nitrile] 2222-2260; C≡C stretching [alkyne] 2190-2260
impure,21_32,2.5,1.5,2552.0,2712.0,2392.0,160.0,True,tentative (+V),,4.6941391178170454e-07,5.11,False,S-H stretching [thiol] 2550-2600; O-H stretching [carboxylic acid] 2500-3300; C-H stretching [aldehyde] 2695-2830
impure,21_32,2.5,1.5,2600.0,2760.2,2439.8,160.2,True,tentative (-V),,3.642137118711292e-07,3.96,False,S-H stretching [thiol] 2550-2600; O-H stretching [carboxylic acid] 2500-3300; C-H stretching [aldehyde] 2695-2830
impure,22_23,2.0,2.5,1224.0,1316.4,1131.6,92.4,True,tentative (+V),,6.014256098182141e-07,3.82,False,C-O stretching [vinyl ether] 1200-1225; C-O stretching [alkyl aryl ether] 1200-1275; C-N stretching [amine] 1020-1250
impure,22_23,2.0,2.5,1388.0,1474.4,1301.6,86.4,True,confirmed,even,1.8912023709711575e-06,12.01,False,C-H bending [aldehyde] 1380-1390; S=O stretching [sulfonyl chloride] 1380-1410; S=O stretching [sulfate] 1380-1415
impure,22_23,2.0,2.5,1572.0,1651.8,1492.2,79.8,True,confirmed,even,2.1795947909376903e-06,13.84,False,C=C stretching [cyclic alkene] 1566-1650; N-H bending [amine] 1580-1650; N-O stretching [nitro compound] 1500-1550
impure,22_23,2.0,2.5,1736.0,1809.8,1662.2,73.8,True,tentative (+V),,1.6139673106550315e-07,1.02,False,C=O stretching [ester] 1735-1750; C=O stretching [δ-lactone] 1735-1750; C=O stretching [aldehyde] 1720-1740
impure,22_23,2.0,2.5,1776.0,1848.4,1703.6,72.4,True,tentative (+V),,2.074059455319757e-07,1.32,False,C=O stretching [vinyl/phenyl ester] 1770-1780; C=O stretching [conjugated acid halide] 1770-1800; C-H bending (overtone) [aromatic compound] 1650-2000
impure,22_23,2.0,2.5,1904.0,1971.7,1836.3,67.7,True,tentative (-V),,2.5101513182780567e-07,1.59,False,C=C=C stretching [allene] 1900-2000; C-H bending (overtone) [aromatic compound] 1650-2000; C=O stretching [anhydride] 1818-1818
impure,22_23,2.0,2.5,2048.0,2110.5,1985.5,62.5,True,single-half (+V),,8.58679023655748e-07,5.45,False,N=C=S stretching [isothiocyanate] 1990-2140; C=C=C stretching [allene] 1900-2000; C-H bending (overtone) [aromatic compound] 1650-2000
impure,22_23,2.0,2.5,2232.0,2287.8,2176.2,55.8,True,single-half (+V),,9.479934028247735e-07,6.02,False,C≡N stretching [nitrile] 2222-2260; C≡C stretching [terminal alkyne] 2200-2250; C≡C stretching [alkyne] 2190-2260
impure,22_23,2.0,2.5,2280.0,2334.1,2225.9,54.1,True,tentative (-V),,5.816989419239045e-07,3.69,False,C≡N stretching [nitrile] 2222-2260; C≡C stretching [alkyne] 2190-2260; C≡C stretching [terminal alkyne] 2200-2250
impure,22_23,2.0,2.5,3296.0,3313.2,3278.8,17.2,True,tentative (-V),,5.975698191604453e-08,0.38,False,C-H stretching [alkyne] 3267-3333; O-H stretching (H-bonded) [alcohol] 3200-3550; O-H stretching [carboxylic acid] 2500-3300
impure,22_23,2.0,2.5,3328.0,3344.1,3311.9,16.1,True,tentative (-V),,2.878380762461828e-07,1.83,False,N-H stretching [secondary amine] 3310-3350; C-H stretching [alkyne] 3267-3333; N-H stretching [aliphatic primary amine] 3300-3400
impure,22_23,2.0,2.5,3464.0,3475.2,3452.8,11.2,True,tentative (-V),,2.9225303606584547e-07,1.86,False,O-H stretching (H-bonded) [alcohol] 3200-3550
impure,22_23,2.0,2.5,3552.0,3560.0,3544.0,8.0,True,tentative (-V),,5.088707119522706e-07,3.23,False,O-H stretching (free) [phenol/alcohol] 3500-3700; O-H stretching (H-bonded) [alcohol] 3200-3550
impure,22_31,2.5,1.5,1664.0,1790.2,1537.8,126.2,True,tentative (+V),,2.145123127754287e-07,2.83,False,C=N stretching [imine/oxime] 1640-1690; C-H bending (overtone) [aromatic compound] 1650-2000; C=C stretching [alkene] 1665-1675
impure,22_31,2.5,1.5,1848.0,1967.5,1728.5,119.5,True,tentative (+V),,1.668459043278629e-09,0.02,False,C-H bending (overtone) [aromatic compound] 1650-2000; C=O stretching [anhydride] 1818-1818; C=O stretching [acid halide] 1785-1815
impure,22_31,2.5,1.5,2036.0,2148.7,1923.3,112.7,True,confirmed,even,1.650427428274659e-07,2.18,False,N=C=S stretching [isothiocyanate] 1990-2140; C=C=C stretching [allene] 1900-2000; C-H bending (overtone) [aromatic compound] 1650-2000
impure,22_31,2.5,1.5,2156.0,2264.3,2047.7,108.3,True,confirmed,even,8.439224268694305e-07,11.14,False,S-C≡N stretching [thiocyanate] 2140-2175; N=N=N stretching [azide] 2120-2160; N=C=N stretching [carbodiimide] 2120-2145
impure,22_31,2.5,1.5,2232.0,2337.6,2126.4,105.6,True,confirmed,even,1.0497768442029213e-07,1.39,False,C≡N stretching [nitrile] 2222-2260; C≡C stretching [terminal alkyne] 2200-2250; C≡C stretching [alkyne] 2190-2260
impure,22_31,2.5,1.5,2344.0,2445.5,2242.5,101.5,True,confirmed,even,1.4032126643818513e-06,18.52,False,C≡N stretching [nitrile] 2222-2260; C≡C stretching [alkyne] 2190-2260; C≡C stretching [terminal alkyne] 2200-2250
impure,22_31,2.5,1.5,2552.0,2646.0,2458.0,94.0,True,confirmed,even,2.4137090799519963e-06,31.86,False,S-H stretching [thiol] 2550-2600; O-H stretching [carboxylic acid] 2500-3300
impure,22_31,2.5,1.5,2708.0,2796.3,2619.7,88.3,True,confirmed,odd,3.058201498074011e-07,4.04,False,C-H stretching [aldehyde] 2695-2830; O-H stretching [alcohol] 2700-3200; O-H stretching [carboxylic acid] 2500-3300
impure,22_31,2.5,1.5,2768.0,2854.1,2681.9,86.1,True,tentative (-V),,2.5960536692722024e-07,3.43,False,C-H stretching [aldehyde] 2695-2830; O-H stretching [alcohol] 2700-3200; O-H stretching [carboxylic acid] 2500-3300
impure,22_32,2.5,2.0,1408.0,1554.1,1261.9,146.1,True,confirmed,odd,3.117714715080977e-07,4.83,False,S=O stretching [sulfonyl chloride] 1380-1410; S=O stretching [sulfate] 1380-1415; O-H bending [carboxylic acid] 1395-1440
impure,22_32,2.5,2.0,1488.0,1631.7,1344.3,143.7,True,single-half (+V),,4.2751783074547684e-07,6.63,False,N-O stretching [nitro compound] 1500-1550; C-H bending [alkane] 1465-1465; C-H bending [alkane] 1450-1450
impure,22_32,2.5,2.0,1620.0,1759.6,1480.4,139.6,True,confirmed,even,2.1584606397921996e-06,33.46,False,C=C stretching [α-β-unsaturated ketone] 1610-1620; C=C stretching [conjugated alkene] 1600-1650; N-H bending [amine] 1580-1650
impure,22_32,2.5,2.0,1836.0,1968.9,1703.1,132.9,True,confirmed,even,1.92052610463077e-06,29.78,False,C-H bending (overtone) [aromatic compound] 1650-2000; C=O stretching [anhydride] 1818-1818; C=O stretching [acid halide] 1785-1815
impure,22_32,2.5,2.0,1952.0,2081.3,1822.7,129.3,True,confirmed,odd,3.498223246309577e-07,5.42,False,C=C=C stretching [allene] 1900-2000; C-H bending (overtone) [aromatic compound] 1650-2000; N=C=S stretching [isothiocyanate] 1990-2140
impure,22_32,2.5,2.0,2008.0,2135.6,1880.4,127.6,True,confirmed,even,3.1560918879701086e-07,4.89,False,N=C=S stretching [isothiocyanate] 1990-2140; C=C=C stretching [allene] 1900-2000; C-H bending (overtone) [aromatic compound] 1650-2000
impure,22_32,2.5,2.0,2140.0,2263.5,2016.5,123.5,True,confirmed,even,2.0183500350237595e-07,3.13,False,N=C=N stretching [carbodiimide] 2120-2145; S-C≡N stretching [thiocyanate] 2140-2175; N=N=N stretching [azide] 2120-2160
impure,22_33,2.5,2.5,2912.0,3192.1,2631.9,280.1,True,single-half (-V),,3.5535557057232407e-06,12.17,False,C-H stretching [alkane] 2840-3000; N-H stretching [amine salt] 2800-3000; O-H stretching [alcohol] 2700-3200
impure,22_33,2.5,2.5,3056.0,3341.0,2771.0,285.0,True,single-half (-V),,1.0254069484084377e-05,35.11,False,C-H stretching (aromatic) [aromatic hydrocarbon] 3050-3100; C-H stretching [alkene] 3000-3100; O-H stretching [alcohol] 2700-3200
impure,22_33,2.5,2.5,3256.0,3547.7,2964.3,291.7,True,single-half (-V),,1.1623207195824917e-05,39.79,False,O-H stretching (H-bonded) [alcohol] 3200-3550; O-H stretching [carboxylic acid] 2500-3300; C-H stretching [alkyne] 3267-3333
impure,22_33,2.5,2.5,3480.0,3779.3,3180.7,299.3,True,single-half (-V),,9.616021696221089e-06,32.92,False,O-H stretching (H-bonded) [alcohol] 3200-3550; N-H stretching [primary amine] 3500-3500; O-H stretching (free) [phenol/alcohol] 3500-3700
impure,22_33,2.5,2.5,3608.0,3911.7,3304.3,303.7,True,single-half (-V),,6.566607834379673e-06,22.48,False,O-H stretching (free) [alcohol/phenol] 3584-3700; O-H stretching (free) [phenol/alcohol] 3500-3700; O-H stretching (H-bonded) [alcohol] 3200-3550
impure,23_24,2.0,3.5,1176.0,1176.0,1176.0,,False,tentative (-V),,7.866835942426373e-07,5.21,False,C-O stretching [ester] 1163-1210; C-O stretching [tertiary alcohol] 1124-1205; C-N stretching [amine] 1020-1250
impure,23_24,2.0,3.5,1528.0,1528.0,1528.0,,False,single-half (+V),,1.1623285154951836e-06,7.7,False,N-O stretching [nitro compound] 1500-1550
impure,23_24,2.0,3.5,1600.0,1600.0,1600.0,,False,single-half (-V),,8.588032142726424e-07,5.69,False,C=C stretching [conjugated alkene] 1600-1650; N-H bending [amine] 1580-1650; C=C stretching [cyclic alkene] 1566-1650
impure,23_24,2.0,3.5,1756.0,1756.0,1756.0,,False,confirmed,even,1.54510838227629e-07,1.02,False,C-H bending (overtone) [aromatic compound] 1650-2000; C=O stretching [carboxylic acid] 1760-1760; C=O stretching [ester] 1735-1750
impure,23_24,2.0,3.5,2320.0,2320.0,2320.0,,False,confirmed,odd,2.8722524409588367e-07,1.9,False,
impure,23_32,2.5,2.5,272.0,407.3,136.7,135.3,True,tentative (+V),,1.8755268259170037e-07,2.51,False,M-O stretching [metal-oxygen (inorganic)] 400-600
impure,23_32,2.5,2.5,348.0,482.9,213.1,134.9,True,confirmed,even,1.9898520463171397e-07,2.66,False,M-O stretching [metal-oxygen (inorganic)] 400-600; C-I stretching [halo compound] 500-600
impure,23_32,2.5,2.5,2544.0,2667.9,2420.1,123.9,True,confirmed,even,1.912898856172491e-07,2.56,False,O-H stretching [carboxylic acid] 2500-3300; S-H stretching [thiol] 2550-2600
impure,23_32,2.5,2.5,2616.0,2739.5,2492.5,123.5,True,confirmed,even,8.139673020828879e-07,10.89,False,O-H stretching [carboxylic acid] 2500-3300; S-H stretching [thiol] 2550-2600; C-H stretching [aldehyde] 2695-2830
impure,23_32,2.5,2.5,2768.0,2890.8,2645.2,122.8,True,confirmed,even,2.4867998734707237e-06,33.27,False,C-H stretching [aldehyde] 2695-2830; O-H stretching [alcohol] 2700-3200; O-H stretching [carboxylic acid] 2500-3300
impure,23_32,2.5,2.5,2944.0,3065.9,2822.1,121.9,True,confirmed,even,2.4918212511429806e-06,33.34,False,C-H stretching [alkane] 2840-3000; N-H stretching [amine salt] 2800-3000; O-H stretching [alcohol] 2700-3200
impure,23_32,2.5,2.5,3096.0,3217.1,2974.9,121.1,True,confirmed,even,8.530290902140051e-07,11.41,False,C-H stretching (aromatic) [aromatic hydrocarbon] 3050-3100; C-H stretching [alkene] 3000-3100; O-H stretching [alcohol] 2700-3200
impure,23_33,2.5,3.0,272.0,434.9,109.1,162.9,True,tentative (+V),,2.544759651432076e-07,1.84,False,M-O stretching [metal-oxygen (inorganic)] 400-600
impure,23_33,2.5,3.0,432.0,593.3,270.7,161.3,True,tentative (-V),,6.567982816136149e-07,4.74,False,M-O stretching [metal-oxygen (inorganic)] 400-600; C-I stretching [halo compound] 500-600; C-Br stretching [halo compound] 515-690
impure,23_33,2.5,3.0,552.0,712.1,391.9,160.1,True,single-half (-V),,2.295123158309499e-07,1.66,False,C-I stretching [halo compound] 500-600; C-Br stretching [halo compound] 515-690; M-O stretching [metal-oxygen (inorganic)] 400-600
impure,23_33,2.5,3.0,3072.0,3206.6,2937.4,134.6,True,confirmed,even,2.782936630243881e-07,2.01,False,C-H stretching (aromatic) [aromatic hydrocarbon] 3050-3100; C-H stretching [alkene] 3000-3100; O-H stretching [alcohol] 2700-3200
impure,23_33,2.5,3.0,3164.0,3297.7,3030.3,133.7,True,confirmed,even,1.1971055681328846e-07,0.86,False,O-H stretching [alcohol] 2700-3200; O-H stretching [carboxylic acid] 2500-3300; O-H stretching (H-bonded) [alcohol] 3200-3550
impure,23_33,2.5,3.0,3232.0,3365.0,3099.0,133.0,True,confirmed,even,9.194721879512408e-07,6.64,False,O-H stretching (H-bonded) [alcohol] 3200-3550; O-H stretching [carboxylic acid] 2500-3300; O-H stretching [alcohol] 2700-3200
impure,23_33,2.5,3.0,3360.0,3491.7,3228.3,131.7,True,confirmed,even,3.694928198299331e-06,26.69,False,N-H stretching [aliphatic primary amine] 3300-3400; O-H stretching (H-bonded) [alcohol] 3200-3550; N-H stretching [secondary amine] 3310-3350
impure,23_33,2.5,3.0,3504.0,3634.3,3373.7,130.3,True,single-half (+V),,1.980128285693833e-06,14.3,False,O-H stretching (free) [phenol/alcohol] 3500-3700; O-H stretching (H-bonded) [alcohol] 3200-3550; N-H stretching [primary amine] 3500-3500
impure,23_33,2.5,3.0,3552.0,3681.8,3422.2,129.8,True,single-half (-V),,3.4415998185013014e-06,24.86,False,O-H stretching (free) [phenol/alcohol] 3500-3700; O-H stretching (H-bonded) [alcohol] 3200-3550; O-H stretching (free) [alcohol/phenol] 3584-3700
impure,23_34,2.5,3.5,3352.0,3352.0,3352.0,,False,single-half (-V),,3.891728607331895e-06,18.62,False,N-H stretching [aliphatic primary amine] 3300-3400; O-H stretching (H-bonded) [alcohol] 3200-3550; N-H stretching [secondary amine] 3310-3350
impure,23_34,2.5,3.5,3496.0,3496.0,3496.0,,False,single-half (-V),,1.2227963536088902e-05,58.51,False,O-H stretching (H-bonded) [alcohol] 3200-3550; N-H stretching [primary amine] 3500-3500; O-H stretching (free) [phenol/alcohol] 3500-3700
impure,24_33,2.5,3.5,292.0,356.0,228.0,64.0,True,confirmed,even,7.148309989152862e-07,9.38,False,
impure,24_33,2.5,3.5,484.0,560.5,407.5,76.5,True,confirmed,even,6.246494689713346e-07,8.2,False,M-O stretching [metal-oxygen (inorganic)] 400-600; C-I stretching [halo compound] 500-600; C-Br stretching [halo compound] 515-690
impure,24_34,2.5,4.0,216.0,216.0,216.0,,False,tentative (-V),,3.9811511648906204e-07,6.68,False,
impure,24_34,2.5,4.0,328.0,328.0,328.0,,False,single-half (+V),,5.339960072585418e-07,8.96,False,
impure,24_34,2.5,4.0,500.0,500.0,500.0,,False,confirmed,even,2.464859436323793e-07,4.14,False,C-I stretching [halo compound] 500-600; M-O stretching [metal-oxygen (inorganic)] 400-600; C-Br stretching [halo compound] 515-690
impure,24_34,2.5,4.0,1592.0,1592.0,1592.0,,False,tentative (-V),,1.1790971120582829e-07,1.98,False,N-H bending [amine] 1580-1650; C=C stretching [cyclic alkene] 1566-1650; C=C stretching [conjugated alkene] 1600-1650
impure,31_32,3.0,1.5,304.0,304.0,304.0,,False,confirmed,even,7.511432981708933e-07,12.02,False,
impure,31_32,3.0,1.5,404.0,404.0,404.0,,False,confirmed,even,2.2321151876646622e-07,3.57,False,M-O stretching [metal-oxygen (inorganic)] 400-600
impure,31_32,3.0,1.5,1792.0,1792.0,1792.0,,False,tentative (+V),,3.0888054901998724e-08,0.49,False,C=O stretching [acid halide] 1785-1815; C=O stretching [conjugated acid halide] 1770-1800; C-H bending (overtone) [aromatic compound] 1650-2000
impure,31_32,3.0,1.5,2472.0,2472.0,2472.0,,False,single-half (-V),,7.350165235840298e-07,11.76,False,
impure,31_32,3.0,1.5,2584.0,2584.0,2584.0,,False,single-half (-V),,1.918230144361009e-06,30.69,False,S-H stretching [thiol] 2550-2600; O-H stretching [carboxylic acid] 2500-3300
impure,31_32,3.0,1.5,2744.0,2744.0,2744.0,,False,tentative (+V),,1.0777001110286388e-07,1.72,False,C-H stretching [aldehyde] 2695-2830; O-H stretching [alcohol] 2700-3200; O-H stretching [carboxylic acid] 2500-3300
impure,31_32,3.0,1.5,2792.0,2792.0,2792.0,,False,single-half (-V),,2.043458249754606e-06,32.69,False,C-H stretching [aldehyde] 2695-2830; O-H stretching [alcohol] 2700-3200; O-H stretching [carboxylic acid] 2500-3300
impure,31_32,3.0,1.5,2832.0,2832.0,2832.0,,False,single-half (+V),,6.904905471163737e-07,11.05,False,N-H stretching [amine salt] 2800-3000; O-H stretching [alcohol] 2700-3200; O-H stretching [carboxylic acid] 2500-3300
impure,31_32,3.0,1.5,2916.0,2916.0,2916.0,,False,confirmed,even,6.507598968305413e-07,10.41,False,C-H stretching [alkane] 2840-3000; N-H stretching [amine salt] 2800-3000; O-H stretching [alcohol] 2700-3200
impure,31_32,3.0,1.5,3136.0,3136.0,3136.0,,False,single-half (+V),,2.3037135172257236e-06,36.85,False,O-H stretching [alcohol] 2700-3200; O-H stretching [carboxylic acid] 2500-3300
impure,31_32,3.0,1.5,3240.0,3240.0,3240.0,,False,single-half (+V),,8.774488348244076e-07,14.04,False,O-H stretching (H-bonded) [alcohol] 3200-3550; O-H stretching [carboxylic acid] 2500-3300
impure,31_41,3.5,1.0,312.0,508.0,116.0,196.0,True,tentative (+V),,2.7673262319808e-07,2.83,False,M-O stretching [metal-oxygen (inorganic)] 400-600; C-I stretching [halo compound] 500-600; C-Br stretching [halo compound] 515-690
impure,31_41,3.5,1.0,408.0,604.0,212.0,196.0,True,tentative (+V),,3.630607042732299e-08,0.37,False,M-O stretching [metal-oxygen (inorganic)] 400-600; C-I stretching [halo compound] 500-600; C-Br stretching [halo compound] 515-690
impure,31_41,3.5,1.0,456.0,652.0,260.0,196.0,True,tentative (-V),,2.464736138589124e-07,2.52,False,M-O stretching [metal-oxygen (inorganic)] 400-600; C-I stretching [halo compound] 500-600; C-Br stretching [halo compound] 515-690
impure,31_41,3.5,1.0,648.0,844.0,452.0,196.0,True,tentative (-V),,1.796862495163515e-07,1.84,False,C-Br stretching [halo compound] 515-690; C-Cl stretching [halo compound] 550-850; C-H out-of-plane bending [aromatic substitution] 650-900
impure,31_41,3.5,1.0,2680.0,2876.0,2484.0,196.0,True,tentative (+V),,1.669196203808327e-07,1.71,False,O-H stretching [carboxylic acid] 2500-3300; C-H stretching [aldehyde] 2695-2830; O-H stretching [alcohol] 2700-3200
impure,31_41,3.5,1.0,2720.0,2916.0,2524.0,196.0,True,tentative (-V),,1.5741068748509575e-07,1.61,False,C-H stretching [aldehyde] 2695-2830; O-H stretching [alcohol] 2700-3200; O-H stretching [carboxylic acid] 2500-3300
impure,31_41,3.5,1.0,2760.0,2956.0,2564.0,196.0,True,single-half (+V),,6.09685642699322e-07,6.23,False,C-H stretching [aldehyde] 2695-2830; O-H stretching [alcohol] 2700-3200; O-H stretching [carboxylic acid] 2500-3300
impure,31_41,3.5,1.0,2952.0,3148.0,2756.0,196.0,True,confirmed,even,2.622756044849884e-06,26.8,False,C-H stretching [alkane] 2840-3000; N-H stretching [amine salt] 2800-3000; O-H stretching [alcohol] 2700-3200
impure,31_41,3.5,1.0,3124.0,3320.0,2928.0,196.0,True,confirmed,even,2.6044625860619404e-06,26.61,False,O-H stretching [alcohol] 2700-3200; O-H stretching [carboxylic acid] 2500-3300; C-H stretching (aromatic) [aromatic hydrocarbon] 3050-3100
impure,31_41,3.5,1.0,3336.0,3532.0,3140.0,196.0,True,confirmed,even,3.880033078357162e-07,3.96,False,N-H stretching [secondary amine] 3310-3350; N-H stretching [aliphatic primary amine] 3300-3400; O-H stretching (H-bonded) [alcohol] 3200-3550
impure,31_41,3.5,1.0,3400.0,3596.0,3204.0,196.0,True,tentative (+V),,2.2013842522677331e-07,2.25,False,N-H stretching [aliphatic primary amine] 3300-3400; O-H stretching (H-bonded) [alcohol] 3200-3550; N-H stretching [secondary amine] 3310-3350
impure,31_42,3.5,1.5,308.0,337.9,278.1,29.9,True,confirmed,even,6.326087015678192e-07,13.07,False,
impure,31_42,3.5,1.5,528.0,568.4,487.6,40.4,True,confirmed,even,8.16160925020662e-08,1.69,False,C-I stretching [halo compound] 500-600; C-Br stretching [halo compound] 515-690; M-O stretching [metal-oxygen (inorganic)] 400-600
impure,31_42,3.5,1.5,3184.0,3350.9,3017.1,166.9,True,confirmed,even,9.423731146384239e-08,1.95,False,O-H stretching [alcohol] 2700-3200; O-H stretching [carboxylic acid] 2500-3300; O-H stretching (H-bonded) [alcohol] 3200-3550
impure,31_42,3.5,1.5,3312.0,3485.0,3139.0,173.0,True,confirmed,even,2.6914171888038474e-07,5.56,False,N-H stretching [secondary amine] 3310-3350; C-H stretching [alkyne] 3267-3333; N-H stretching [aliphatic primary amine] 3300-3400
impure,31_42,3.5,1.5,3456.0,3635.8,3276.2,179.8,True,single-half (+V),,1.5636216514776857e-06,32.3,False,O-H stretching (H-bonded) [alcohol] 3200-3550; N-H stretching [primary amine] 3500-3500; O-H stretching (free) [phenol/alcohol] 3500-3700
impure,31_42,3.5,1.5,3536.0,3719.6,3352.4,183.6,True,single-half (-V),,2.5064818512714054e-06,51.77,False,O-H stretching (free) [phenol/alcohol] 3500-3700; O-H stretching (H-bonded) [alcohol] 3200-3550; N-H stretching [primary amine] 3500-3500
impure,32_33,3.0,2.5,1656.0,1656.0,1656.0,,False,tentative (-V),,2.2818054833965097e-07,1.32,False,C=C stretching [alkene] 1648-1658; C=C stretching [alkene] 1626-1662; C=N stretching [imine/oxime] 1640-1690
impure,32_33,3.0,2.5,1736.0,1736.0,1736.0,,False,tentative (-V),,7.84445681740247e-07,4.54,False,C=O stretching [ester] 1735-1750; C=O stretching [δ-lactone] 1735-1750; C=O stretching [aldehyde] 1720-1740
impure,32_33,3.0,2.5,1776.0,1776.0,1776.0,,False,tentative (+V),,1.8690044240394308e-07,1.08,False,C=O stretching [vinyl/phenyl ester] 1770-1780; C=O stretching [conjugated acid halide] 1770-1800; C-H bending (overtone) [aromatic compound] 1650-2000
impure,32_33,3.0,2.5,1936.0,1936.0,1936.0,,False,single-half (-V),,2.6520895205112632e-06,15.34,False,C=C=C stretching [allene] 1900-2000; C-H bending (overtone) [aromatic compound] 1650-2000
impure,32_33,3.0,2.5,2040.0,2040.0,2040.0,,False,tentative (+V),,2.279799082776522e-07,1.32,False,N=C=S stretching [isothiocyanate] 1990-2140
impure,32_33,3.0,2.5,2096.0,2096.0,2096.0,,False,single-half (-V),,2.6269007022101273e-06,15.2,False,N=C=S stretching [isothiocyanate] 1990-2140; C≡C stretching [alkyne] 2100-2140
impure,32_33,3.0,2.5,2240.0,2240.0,2240.0,,False,single-half (+V),,8.348305723792717e-07,4.83,False,C≡N stretching [nitrile] 2222-2260; C≡C stretching [terminal alkyne] 2200-2250; C≡C stretching [alkyne] 2190-2260
impure,32_33,3.0,2.5,2296.0,2296.0,2296.0,,False,tentative (-V),,8.000436742675814e-07,4.63,False,
impure,32_33,3.0,2.5,2432.0,2432.0,2432.0,,False,single-half (+V),,2.5911183524186106e-06,14.99,False,
impure,32_33,3.0,2.5,2592.0,2592.0,2592.0,,False,single-half (+V),,2.703951431951806e-06,15.64,False,S-H stretching [thiol] 2550-2600; O-H stretching [carboxylic acid] 2500-3300
impure,32_33,3.0,2.5,2800.0,2800.0,2800.0,,False,tentative (+V),,6.540149272869498e-07,3.78,False,C-H stretching [aldehyde] 2695-2830; N-H stretching [amine salt] 2800-3000; O-H stretching [alcohol] 2700-3200
impure,32_41,3.5,1.5,264.0,460.7,67.3,196.7,True,tentative (+V),,2.7527556007085505e-07,4.34,False,M-O stretching [metal-oxygen (inorganic)] 400-600
impure,32_41,3.5,1.5,488.0,686.9,289.1,198.9,True,confirmed,even,7.522713515364496e-08,1.19,False,M-O stretching [metal-oxygen (inorganic)] 400-600; C-I stretching [halo compound] 500-600; C-Br stretching [halo compound] 515-690
impure,32_41,3.5,1.5,608.0,808.1,407.9,200.1,True,single-half (-V),,2.4699815283285324e-07,3.9,False,C-Br stretching [halo compound] 515-690; C-Cl stretching [halo compound] 550-850; C-I stretching [halo compound] 500-600
impure,32_41,3.5,1.5,1584.0,1793.7,1374.3,209.7,True,tentative (+V),,6.088762008971468e-08,0.96,False,N-H bending [amine] 1580-1650; C=C stretching [cyclic alkene] 1566-1650; C=C stretching [conjugated alkene] 1600-1650
impure,32_41,3.5,1.5,3032.0,3256.1,2807.9,224.1,True,tentative (+V),,1.5928258316453658e-07,2.51,False,C-H stretching [alkene] 3000-3100; O-H stretching [alcohol] 2700-3200; O-H stretching [carboxylic acid] 2500-3300
impure,32_41,3.5,1.5,3100.0,3324.8,2875.2,224.8,True,confirmed,even,7.573965964584127e-07,11.95,False,C-H stretching (aromatic) [aromatic hydrocarbon] 3050-3100; C-H stretching [alkene] 3000-3100; O-H stretching [alcohol] 2700-3200
impure,32_41,3.5,1.5,3212.0,3437.9,2986.1,225.9,True,confirmed,even,2.27865420549187e-06,35.95,False,O-H stretching (H-bonded) [alcohol] 3200-3550; O-H stretching [carboxylic acid] 2500-3300; O-H stretching [alcohol] 2700-3200
impure,32_41,3.5,1.5,3416.0,3643.9,3188.1,227.9,True,confirmed,even,2.352971775811919e-06,37.12,False,O-H stretching (H-bonded) [alcohol] 3200-3550; N-H stretching [aliphatic primary amine] 3300-3400; N-H stretching [secondary amine] 3310-3350
impure,32_41,3.5,1.5,3560.0,3789.3,3330.7,229.3,True,tentative (-V),,1.6890610118217263e-07,2.66,False,O-H stretching (free) [phenol/alcohol] 3500-3700; O-H stretching (H-bonded) [alcohol] 3200-3550; O-H stretching (free) [alcohol/phenol] 3584-3700
impure,32_42,3.5,2.0,256.0,448.0,64.0,192.0,True,tentative (+V),,3.6422709696338947e-07,4.67,False,M-O stretching [metal-oxygen (inorganic)] 400-600
impure,32_42,3.5,2.0,448.0,640.0,256.0,192.0,True,single-half (-V),,7.115177571924116e-07,9.12,False,M-O stretching [metal-oxygen (inorganic)] 400-600; C-I stretching [halo compound] 500-600; C-Br stretching [halo compound] 515-690
impure,32_42,3.5,2.0,1600.0,1792.0,1408.0,192.0,True,confirmed,even,1.7896880613497076e-08,0.23,False,C=C stretching [conjugated alkene] 1600-1650; N-H bending [amine] 1580-1650; C=C stretching [cyclic alkene] 1566-1650
impure,32_42,3.5,2.0,2508.0,2700.0,2316.0,192.0,True,confirmed,even,1.748316674093754e-07,2.24,False,O-H stretching [carboxylic acid] 2500-3300; S-H stretching [thiol] 2550-2600; C-H stretching [aldehyde] 2695-2830
impure,32_42,3.5,2.0,2588.0,2780.0,2396.0,192.0,True,confirmed,even,6.945758126495357e-07,8.9,False,S-H stretching [thiol] 2550-2600; O-H stretching [carboxylic acid] 2500-3300; C-H stretching [aldehyde] 2695-2830
impure,32_42,3.5,2.0,2716.0,2908.0,2524.0,192.0,True,confirmed,even,2.6954265116694845e-06,34.54,False,C-H stretching [aldehyde] 2695-2830; O-H stretching [alcohol] 2700-3200; O-H stretching [carboxylic acid] 2500-3300
impure,32_42,3.5,2.0,2912.0,3104.0,2720.0,192.0,True,confirmed,even,2.659228300992258e-06,34.07,False,C-H stretching [alkane] 2840-3000; N-H stretching [amine salt] 2800-3000; O-H stretching [alcohol] 2700-3200
impure,32_42,3.5,2.0,3040.0,3232.0,2848.0,192.0,True,confirmed,even,8.179615900014487e-07,10.48,False,C-H stretching [alkene] 3000-3100; O-H stretching [alcohol] 2700-3200; O-H stretching [carboxylic acid] 2500-3300
impure,32_43,3.5,2.5,424.0,424.0,424.0,,False,tentative (+V),,3.234270228253799e-07,1.97,False,M-O stretching [metal-oxygen (inorganic)] 400-600
impure,32_43,3.5,2.5,2224.0,2224.0,2224.0,,False,single-half (-V),,9.966689647441362e-07,6.06,False,C≡N stretching [nitrile] 2222-2260; C≡C stretching [terminal alkyne] 2200-2250; C≡C stretching [alkyne] 2190-2260
impure,32_43,3.5,2.5,2384.0,2384.0,2384.0,,False,single-half (-V),,6.387753134174544e-07,3.89,False,
impure,32_43,3.5,2.5,2560.0,2560.0,2560.0,,False,tentative (-V),,2.0319099960614464e-07,1.24,False,S-H stretching [thiol] 2550-2600; O-H stretching [carboxylic acid] 2500-3300
impure,32_43,3.5,2.5,2736.0,2736.0,2736.0,,False,confirmed,odd,2.5994394752432976e-07,1.58,False,C-H stretching [aldehyde] 2695-2830; O-H stretching [alcohol] 2700-3200; O-H stretching [carboxylic acid] 2500-3300
impure,32_43,3.5,2.5,2816.0,2816.0,2816.0,,False,tentative (+V),,3.19409118824113e-07,1.94,False,C-H stretching [aldehyde] 2695-2830; N-H stretching [amine salt] 2800-3000; O-H stretching [alcohol] 2700-3200
impure,32_43,3.5,2.5,3008.0,3008.0,3008.0,,False,confirmed,even,5.202521434069507e-07,3.16,False,C-H stretching [alkene] 3000-3100; O-H stretching [alcohol] 2700-3200; O-H stretching [carboxylic acid] 2500-3300
impure,32_43,3.5,2.5,3168.0,3168.0,3168.0,,False,single-half (+V),,2.1011996613801914e-06,12.78,False,O-H stretching [alcohol] 2700-3200; O-H stretching [carboxylic acid] 2500-3300
impure,32_43,3.5,2.5,3328.0,3328.0,3328.0,,False,tentative (-V),,3.294935690406649e-07,2.0,False,N-H stretching [secondary amine] 3310-3350; C-H stretching [alkyne] 3267-3333; N-H stretching [aliphatic primary amine] 3300-3400
impure,32_43,3.5,2.5,3376.0,3376.0,3376.0,,False,tentative (+V),,6.156967773414143e-07,3.74,False,N-H stretching [aliphatic primary amine] 3300-3400; O-H stretching (H-bonded) [alcohol] 3200-3550
impure,32_43,3.5,2.5,3472.0,3472.0,3472.0,,False,tentative (-V),,1.3203758966743782e-07,0.8,False,O-H stretching (H-bonded) [alcohol] 3200-3550
impure,33_34,3.0,3.5,292.0,292.0,292.0,,False,confirmed,odd,3.863826246021624e-07,3.39,False,
impure,33_34,3.0,3.5,432.0,432.0,432.0,,False,single-half (+V),,8.07837018402013e-07,7.09,False,M-O stretching [metal-oxygen (inorganic)] 400-600
impure,33_34,3.0,3.5,480.0,480.0,480.0,,False,tentative (-V),,2.620043153811973e-07,2.3,False,M-O stretching [metal-oxygen (inorganic)] 400-600; C-I stretching [halo compound] 500-600
impure,33_34,3.0,3.5,2488.0,2488.0,2488.0,,False,single-half (-V),,5.027224023979398e-07,4.41,False,O-H stretching [carboxylic acid] 2500-3300
impure,33_34,3.0,3.5,2688.0,2688.0,2688.0,,False,single-half (-V),,2.7031702084857918e-06,23.72,False,O-H stretching [carboxylic acid] 2500-3300; C-H stretching [aldehyde] 2695-2830; O-H stretching [alcohol] 2700-3200
impure,33_34,3.0,3.5,2844.0,2844.0,2844.0,,False,confirmed,odd,5.588422759951058e-07,4.9,False,C-H stretching [alkane] 2840-3000; N-H stretching [amine salt] 2800-3000; O-H stretching [alcohol] 2700-3200
impure,33_34,3.0,3.5,3056.0,3056.0,3056.0,,False,confirmed,even,2.919062622301742e-07,2.56,False,C-H stretching (aromatic) [aromatic hydrocarbon] 3050-3100; C-H stretching [alkene] 3000-3100; O-H stretching [alcohol] 2700-3200
impure,33_34,3.0,3.5,3136.0,3136.0,3136.0,,False,tentative (+V),,4.068099058072358e-07,3.57,False,O-H stretching [alcohol] 2700-3200; O-H stretching [carboxylic acid] 2500-3300
impure,33_34,3.0,3.5,3336.0,3336.0,3336.0,,False,single-half (+V),,3.092539517319146e-06,27.14,False,N-H stretching [secondary amine] 3310-3350; N-H stretching [aliphatic primary amine] 3300-3400; O-H stretching (H-bonded) [alcohol] 3200-3550
impure,33_34,3.0,3.5,3496.0,3496.0,3496.0,,False,single-half (+V),,2.295606750642422e-06,20.14,False,O-H stretching (H-bonded) [alcohol] 3200-3550; N-H stretching [primary amine] 3500-3500; O-H stretching (free) [phenol/alcohol] 3500-3700
impure,33_42,3.5,2.5,1224.0,1271.0,1177.0,47.0,True,tentative (+V),,7.890880259074735e-07,4.32,False,C-O stretching [vinyl ether] 1200-1225; C-O stretching [alkyl aryl ether] 1200-1275; C-N stretching [amine] 1020-1250
impure,33_42,3.5,2.5,1300.0,1343.5,1256.5,43.5,True,confirmed,odd,5.937935630061505e-07,3.25,False,S=O stretching [sulfone] 1300-1350; C-O stretching [aromatic ester] 1250-1310; C-N stretching [aromatic amine] 1266-1342
impure,33_42,3.5,2.5,1436.0,1473.0,1399.0,37.0,True,confirmed,odd,8.797291645894832e-07,4.81,False,O-H bending [carboxylic acid] 1395-1440; C-H bending [alkane] 1450-1450; O-H bending [alcohol] 1330-1420
impure,33_42,3.5,2.5,1620.0,1648.4,1591.6,28.4,True,confirmed,odd,3.5077947020064596e-06,19.2,False,C=C stretching [α-β-unsaturated ketone] 1610-1620; C=C stretching [conjugated alkene] 1600-1650; N-H bending [amine] 1580-1650
impure,33_42,3.5,2.5,1788.0,1808.5,1767.5,20.5,True,confirmed,odd,1.8868394419519868e-06,10.33,False,C=O stretching [acid halide] 1785-1815; C=O stretching [conjugated acid halide] 1770-1800; C-H bending (overtone) [aromatic compound] 1650-2000
impure,33_42,3.5,2.5,1964.0,1976.2,1951.8,12.2,True,confirmed,odd,6.804856264995621e-07,3.72,False,C=C=C stretching [allene] 1900-2000; C-H bending (overtone) [aromatic compound] 1650-2000; N=C=S stretching [isothiocyanate] 1990-2140
impure,33_42,3.5,2.5,2032.0,2041.0,2023.0,9.0,True,tentative (+V),,4.4619757487142633e-07,2.44,False,N=C=S stretching [isothiocyanate] 1990-2140
impure,33_43,3.5,3.0,1612.0,1612.0,1612.0,,False,confirmed,even,3.987964953264139e-07,2.92,False,C=C stretching [α-β-unsaturated ketone] 1610-1620; C=C stretching [conjugated alkene] 1600-1650; N-H bending [amine] 1580-1650
impure,33_43,3.5,3.0,1760.0,1760.0,1760.0,,False,confirmed,even,3.7816959226549057e-07,2.77,False,C=O stretching [carboxylic acid] 1760-1760; C-H bending (overtone) [aromatic compound] 1650-2000; C=O stretching [vinyl/phenyl ester] 1770-1780
impure,33_44,3.5,3.5,1488.0,1488.0,1488.0,,False,tentative (+V),,6.621389056663971e-07,4.96,False,N-O stretching [nitro compound] 1500-1550
impure,33_44,3.5,3.5,1624.0,1624.0,1624.0,,False,tentative (-V),,3.6849711713603187e-07,2.76,False,C=C stretching [conjugated alkene] 1600-1650; N-H bending [amine] 1580-1650; C=C stretching [cyclic alkene] 1566-1650
impure,33_44,3.5,3.5,1664.0,1664.0,1664.0,,False,single-half (+V),,8.688075485956954e-07,6.51,False,C=N stretching [imine/oxime] 1640-1690; C-H bending (overtone) [aromatic compound] 1650-2000; C=C stretching [alkene] 1665-1675
impure,33_44,3.5,3.5,1824.0,1824.0,1824.0,,False,confirmed,odd,4.0331398764556985e-07,3.02,False,C-H bending (overtone) [aromatic compound] 1650-2000; C=O stretching [anhydride] 1818-1818; C=O stretching [acid halide] 1785-1815
impure,33_44,3.5,3.5,2264.0,2264.0,2264.0,,False,tentative (-V),,4.0133655544316964e-08,0.3,False,C≡N stretching [nitrile] 2222-2260; C≡C stretching [alkyne] 2190-2260; C≡C stretching [terminal alkyne] 2200-2250
impure,33_44,3.5,3.5,3408.0,3408.0,3408.0,,False,tentative (-V),,2.918464821734676e-07,2.19,False,O-H stretching (H-bonded) [alcohol] 3200-3550; N-H stretching [aliphatic primary amine] 3300-3400
impure,33_44,3.5,3.5,3448.0,3448.0,3448.0,,False,single-half (-V),,6.375466211505871e-07,4.78,False,O-H stretching (H-bonded) [alcohol] 3200-3550
impure,33_44,3.5,3.5,3568.0,3568.0,3568.0,,False,single-half (-V),,1.2084770051622331e-06,9.06,False,O-H stretching (free) [phenol/alcohol] 3500-3700; O-H stretching (free) [alcohol/phenol] 3584-3700; O-H stretching (H-bonded) [alcohol] 3200-3550
impure,34_43,3.5,3.5,1680.0,1680.0,1680.0,,False,confirmed,odd,3.849566806670879e-07,2.73,False,C=O stretching [secondary amide] 1680-1680; C=O stretching [tertiary amide] 1680-1680; C=O stretching [conjugated ketone] 1666-1685
impure,34_44,3.5,4.0,1472.0,1472.0,1472.0,,False,tentative (-V),,8.141560365294448e-07,5.23,False,C-H bending [alkane] 1465-1465
impure,34_44,3.5,4.0,1592.0,1592.0,1592.0,,False,single-half (-V),,2.046362877390726e-06,13.14,False,N-H bending [amine] 1580-1650; C=C stretching [cyclic alkene] 1566-1650; C=C stretching [conjugated alkene] 1600-1650
impure,34_44,3.5,4.0,1784.0,1784.0,1784.0,,False,confirmed,even,5.47316457875082e-07,3.51,False,C=O stretching [conjugated acid halide] 1770-1800; C-H bending (overtone) [aromatic compound] 1650-2000; C=O stretching [acid halide] 1785-1815
impure,41_42,4.0,1.5,1480.0,1480.0,1480.0,,False,confirmed,odd,9.464344194956883e-07,5.63,False,C-H bending [alkane] 1465-1465; N-O stretching [nitro compound] 1500-1550
impure,41_42,4.0,1.5,1632.0,1632.0,1632.0,,False,confirmed,odd,1.227248064079768e-06,7.3,False,C=C stretching [alkene] 1626-1662; C=C stretching [conjugated alkene] 1600-1650; N-H bending [amine] 1580-1650
impure,41_42,4.0,1.5,1808.0,1808.0,1808.0,,False,confirmed,odd,9.952306133207117e-07,5.92,False,C=O stretching [acid halide] 1785-1815; C-H bending (overtone) [aromatic compound] 1650-2000; C=O stretching [conjugated acid halide] 1770-1800
impure,41_51,4.5,1.0,1144.0,1184.4,1103.6,40.4,True,tentative (+V),,3.4778276024150536e-07,2.12,False,C-O stretching [aliphatic ether] 1085-1150; C-O stretching [tertiary alcohol] 1124-1205; C-N stretching [amine] 1020-1250
impure,41_51,4.5,1.0,1248.0,1285.7,1210.3,37.7,True,confirmed,odd,3.1535551628331153e-07,1.92,False,C-O stretching [alkyl aryl ether] 1200-1275; C-N stretching [amine] 1020-1250; C-F stretching [fluoro compound] 1000-1400
impure,41_51,4.5,1.0,1436.0,1468.9,1403.1,32.9,True,confirmed,odd,1.472116390222697e-06,8.97,False,O-H bending [carboxylic acid] 1395-1440; C-H bending [alkane] 1450-1450; O-H bending [alcohol] 1330-1420
impure,41_51,4.5,1.0,1616.0,1644.3,1587.7,28.3,True,confirmed,odd,2.742279371689113e-06,16.71,False,C=C stretching [α-β-unsaturated ketone] 1610-1620; C=C stretching [conjugated alkene] 1600-1650; N-H bending [amine] 1580-1650
impure,41_51,4.5,1.0,1816.0,1839.2,1792.8,23.2,True,confirmed,odd,1.6313390560082947e-06,9.94,False,C-H bending (overtone) [aromatic compound] 1650-2000; C=O stretching [acid halide] 1785-1815; C=O stretching [anhydride] 1818-1818
impure,41_51,4.5,1.0,2016.0,2034.1,1997.9,18.1,True,tentative (+V),,6.350641189220127e-07,3.87,False,N=C=S stretching [isothiocyanate] 1990-2140; C=C=C stretching [allene] 1900-2000; C-H bending (overtone) [aromatic compound] 1650-2000
impure,41_52,4.5,1.5,1356.0,1356.0,1356.0,,False,confirmed,odd,6.690613839817855e-07,3.73,False,S=O stretching [sulfonamide] 1335-1370; S=O stretching [sulfonate] 1335-1372; O-H bending [phenol] 1310-1390
impure,41_52,4.5,1.5,1488.0,1488.0,1488.0,,False,confirmed,odd,5.6489028996433055e-08,0.32,False,N-O stretching [nitro compound] 1500-1550
impure,41_52,4.5,1.5,1672.0,1672.0,1672.0,,False,confirmed,odd,1.1622921975217253e-06,6.49,False,C=C stretching [alkene] 1668-1678; C=C stretching [alkene] 1665-1675; C=O stretching [conjugated ketone] 1666-1685
impure,41_52,4.5,1.5,1828.0,1828.0,1828.0,,False,confirmed,odd,6.374814031990279e-07,3.56,False,C-H bending (overtone) [aromatic compound] 1650-2000; C=O stretching [anhydride] 1818-1818; C=O stretching [acid halide] 1785-1815
impure,41_52,4.5,1.5,1968.0,1968.0,1968.0,,False,confirmed,odd,2.147935796827901e-07,1.2,False,C=C=C stretching [allene] 1900-2000; C-H bending (overtone) [aromatic compound] 1650-2000
impure,41_52,4.5,1.5,2048.0,2048.0,2048.0,,False,tentative (+V),,5.861290509004884e-07,3.27,False,N=C=S stretching [isothiocyanate] 1990-2140
impure,41_52,4.5,1.5,2352.0,2352.0,2352.0,,False,tentative (-V),,4.989507722719027e-07,2.79,False,
impure,42_43,4.0,2.5,448.0,448.0,448.0,,False,tentative (+V),,3.04700158911342e-07,1.99,False,M-O stretching [metal-oxygen (inorganic)] 400-600
impure,42_43,4.0,2.5,560.0,560.0,560.0,,False,tentative (+V),,3.776055669434118e-07,2.47,False,C-I stretching [halo compound] 500-600; C-Br stretching [halo compound] 515-690; M-O stretching [metal-oxygen (inorganic)] 400-600
impure,42_43,4.0,2.5,2136.0,2136.0,2136.0,,False,tentative (-V),,4.6914737691472083e-07,3.07,False,N=C=N stretching [carbodiimide] 2120-2145; N=N=N stretching [azide] 2120-2160; C≡C stretching [alkyne] 2100-2140
impure,42_43,4.0,2.5,2200.0,2200.0,2200.0,,False,tentative (+V),,2.901772031180984e-08,0.19,False,C≡C stretching [terminal alkyne] 2200-2250; C≡C stretching [alkyne] 2190-2260
impure,42_43,4.0,2.5,2248.0,2248.0,2248.0,,False,tentative (-V),,1.7068695366020799e-07,1.12,False,C≡N stretching [nitrile] 2222-2260; C≡C stretching [terminal alkyne] 2200-2250; C≡C stretching [alkyne] 2190-2260
impure,42_43,4.0,2.5,2440.0,2440.0,2440.0,,False,single-half (+V),,1.8271094077357205e-06,11.94,False,
impure,42_43,4.0,2.5,2488.0,2488.0,2488.0,,False,tentative (-V),,3.17827482493264e-07,2.08,False,O-H stretching [carboxylic acid] 2500-3300
impure,42_43,4.0,2.5,2640.0,2640.0,2640.0,,False,single-half (+V),,1.8888193421353278e-06,12.35,False,O-H stretching [carboxylic acid] 2500-3300
impure,42_51,4.5,1.5,380.0,380.0,380.0,,False,confirmed,even,2.9053097253137545e-07,3.21,False,M-O stretching [metal-oxygen (inorganic)] 400-600
impure,42_51,4.5,1.5,560.0,560.0,560.0,,False,single-half (+V),,6.414874974920492e-07,7.09,False,C-I stretching [halo compound] 500-600; C-Br stretching [halo compound] 515-690; M-O stretching [metal-oxygen (inorganic)] 400-600
impure,42_51,4.5,1.5,2600.0,2600.0,2600.0,,False,confirmed,even,1.838258467896901e-07,2.03,False,S-H stretching [thiol] 2550-2600; O-H stretching [carboxylic acid] 2500-3300
impure,42_51,4.5,1.5,2808.0,2808.0,2808.0,,False,single-half (-V),,9.22521490373054e-07,10.19,False,C-H stretching [aldehyde] 2695-2830; N-H stretching [amine salt] 2800-3000; O-H stretching [alcohol] 2700-3200
impure,42_51,4.5,1.5,3032.0,3032.0,3032.0,,False,single-half (-V),,1.0191128350957617e-06,11.26,False,C-H stretching [alkene] 3000-3100; O-H stretching [alcohol] 2700-3200; O-H stretching [carboxylic acid] 2500-3300
impure,42_51,4.5,1.5,3176.0,3176.0,3176.0,,False,single-half (-V),,6.673150564451125e-07,7.37,False,O-H stretching [alcohol] 2700-3200; O-H stretching [carboxylic acid] 2500-3300
impure,42_51,4.5,1.5,3336.0,3336.0,3336.0,,False,single-half (-V),,2.4247002747744216e-07,2.68,False,N-H stretching [secondary amine] 3310-3350; N-H stretching [aliphatic primary amine] 3300-3400; O-H stretching (H-bonded) [alcohol] 3200-3550
impure,42_51,4.5,1.5,3464.0,3464.0,3464.0,,False,single-half (-V),,4.235260315984754e-07,4.68,False,O-H stretching (H-bonded) [alcohol] 3200-3550
impure,42_52,4.5,2.0,2280.0,2280.0,2280.0,,False,single-half (-V),,1.380248576335194e-06,11.91,False,C≡N stretching [nitrile] 2222-2260; C≡C stretching [alkyne] 2190-2260
impure,42_52,4.5,2.0,2480.0,2480.0,2480.0,,False,single-half (-V),,1.1066135746261844e-06,9.55,False,O-H stretching [carboxylic acid] 2500-3300
impure,42_52,4.5,2.0,2648.0,2648.0,2648.0,,False,tentative (-V),,4.936163773646304e-07,4.26,False,O-H stretching [carboxylic acid] 2500-3300
impure,42_52,4.5,2.0,3112.0,3112.0,3112.0,,False,tentative (+V),,4.0591065530610877e-07,3.5,False,O-H stretching [alcohol] 2700-3200; O-H stretching [carboxylic acid] 2500-3300; C-H stretching (aromatic) [aromatic hydrocarbon] 3050-3100
impure,42_52,4.5,2.0,3320.0,3320.0,3320.0,,False,single-half (+V),,7.860156705446842e-07,6.78,False,N-H stretching [secondary amine] 3310-3350; C-H stretching [alkyne] 3267-3333; N-H stretching [aliphatic primary amine] 3300-3400
impure,42_53,4.5,2.5,484.0,484.0,484.0,,False,confirmed,even,1.614653822302561e-07,2.35,False,M-O stretching [metal-oxygen (inorganic)] 400-600; C-I stretching [halo compound] 500-600
impure,42_53,4.5,2.5,664.0,664.0,664.0,,False,single-half (+V),,6.144774809716013e-07,8.95,False,C-Br stretching [halo compound] 515-690; C-H out-of-plane bending [aromatic substitution] 650-900; C-Cl stretching [halo compound] 550-850
impure,42_53,4.5,2.5,872.0,872.0,872.0,,False,tentative (+V),,8.369027621429977e-08,1.22,False,C-H bending [1-2-4-trisubstituted benzene] 860-900; C-H bending [1-3-disubstituted benzene] 860-900; C-H out-of-plane bending [aromatic substitution] 650-900
impure,42_53,4.5,2.5,3484.0,3484.0,3484.0,,False,confirmed,even,7.758681763787889e-08,1.13,False,O-H stretching (H-bonded) [alcohol] 3200-3550; N-H stretching [primary amine] 3500-3500; O-H stretching (free) [phenol/alcohol] 3500-3700
impure,43_44,4.0,3.5,328.0,437.5,218.5,109.5,True,confirmed,even,6.696376292949852e-07,13.74,False,M-O stretching [metal-oxygen (inorganic)] 400-600
impure,43_44,4.0,3.5,492.0,605.5,378.5,113.5,True,confirmed,even,5.415152342885396e-07,11.11,False,M-O stretching [metal-oxygen (inorganic)] 400-600; C-I stretching [halo compound] 500-600; C-Br stretching [halo compound] 515-690
impure,43_44,4.0,3.5,688.0,806.2,569.8,118.2,True,confirmed,even,1.7146660301823474e-07,3.52,False,aromatic out-of-plane C-H bending [benzene derivative] 680-720; C=C bending [alkene] 665-730; C-Br stretching [halo compound] 515-690
impure,43_52,4.5,2.5,332.0,442.6,221.4,110.6,True,confirmed,even,1.0868785778387085e-06,21.9,False,M-O stretching [metal-oxygen (inorganic)] 400-600
impure,43_52,4.5,2.5,532.0,648.5,415.5,116.5,True,confirmed,even,8.615000951586858e-07,17.36,False,C-I stretching [halo compound] 500-600; C-Br stretching [halo compound] 515-690; M-O stretching [metal-oxygen (inorganic)] 400-600
impure,43_52,4.5,2.5,660.0,780.2,539.8,120.2,True,confirmed,even,2.2766525132182112e-07,4.59,False,C-Br stretching [halo compound] 515-690; C-H out-of-plane bending [aromatic substitution] 650-900; C-Cl stretching [halo compound] 550-850
impure,43_52,4.5,2.5,720.0,841.9,598.1,121.9,True,tentative (+V),,8.320387938647542e-08,1.68,False,aromatic out-of-plane C-H bending [benzene derivative] 680-720; C=C bending [alkene] 665-730; C-Cl stretching [alkyl halide] 700-800
impure,43_52,4.5,2.5,1456.0,1599.4,1312.6,143.4,True,tentative (+V),,8.814004856412575e-08,1.78,False,C-H bending [alkane] 1450-1450; C-H bending [alkane] 1465-1465; O-H bending [carboxylic acid] 1395-1440
impure,43_52,4.5,2.5,1504.0,1648.8,1359.2,144.8,True,tentative (-V),,6.549739973199974e-08,1.32,False,N-O stretching [nitro compound] 1500-1550; C-H bending [alkane] 1465-1465; C-H bending [alkane] 1450-1450
impure,43_52,4.5,2.5,1712.0,1862.8,1561.2,150.8,True,tentative (-V),,3.504985105407684e-08,0.71,False,C=O stretching [carboxylic acid] 1706-1720; C=O stretching [aliphatic ketone] 1705-1725; C-H bending (overtone) [aromatic compound] 1650-2000
impure,43_52,4.5,2.5,3568.0,3772.9,3363.1,204.9,True,tentative (-V),,1.6197940206553118e-07,3.26,False,O-H stretching (free) [phenol/alcohol] 3500-3700; O-H stretching (free) [alcohol/phenol] 3584-3700; O-H stretching (H-bonded) [alcohol] 3200-3550
impure,43_53,4.5,3.0,392.0,489.7,294.3,97.7,True,confirmed,even,5.701118032744608e-07,13.08,False,M-O stretching [metal-oxygen (inorganic)] 400-600; C-I stretching [halo compound] 500-600
impure,43_53,4.5,3.0,556.0,647.8,464.2,91.8,True,confirmed,even,5.649902249742281e-07,12.96,False,C-I stretching [halo compound] 500-600; C-Br stretching [halo compound] 515-690; M-O stretching [metal-oxygen (inorganic)] 400-600
impure,43_53,4.5,3.0,752.0,836.6,667.4,84.6,True,confirmed,even,1.3163617902531063e-07,3.02,False,C-H bending [1-2-disubstituted benzene] 735-775; C-H bending [monosubstituted benzene] 730-770; C-Cl stretching [alkyl halide] 700-800
impure,43_53,4.5,3.0,828.0,909.9,746.1,81.9,True,confirmed,even,5.694446375125131e-08,1.31,False,C-H bending [1-4-disubstituted benzene] 790-830; C-H bending [1-2-3-4-tetrasubstituted benzene] 790-830; C=C bending [alkene] 790-840
impure,43_54,4.5,3.5,552.0,702.0,402.0,150.0,True,confirmed,even,1.2892890868045461e-07,2.01,False,C-I stretching [halo compound] 500-600; C-Br stretching [halo compound] 515-690; M-O stretching [metal-oxygen (inorganic)] 400-600
impure,43_54,4.5,3.5,752.0,903.0,601.0,151.0,True,confirmed,even,5.416724898900077e-07,8.44,False,C-H bending [1-2-disubstituted benzene] 735-775; C-H bending [monosubstituted benzene] 730-770; C-Cl stretching [alkyl halide] 700-800
impure,43_54,4.5,3.5,920.0,1071.8,768.2,151.8,True,confirmed,even,5.612604253995254e-07,8.75,False,=C-H out-of-plane bending [vinyl group] 905-920; C-H bending [1-2-4-trisubstituted benzene] 860-900; C-H bending [1-3-disubstituted benzene] 860-900
impure,43_54,4.5,3.5,1112.0,1264.8,959.2,152.8,True,confirmed,even,1.1921472145120714e-07,1.86,False,C-O stretching [secondary alcohol] 1087-1124; C-O stretching [aliphatic ether] 1085-1150; C-N stretching [amine] 1020-1250
impure,44_53,4.5,3.5,432.0,432.0,432.0,,False,single-half (-V),,7.143600807784203e-07,10.27,False,M-O stretching [metal-oxygen (inorganic)] 400-600
impure,44_53,4.5,3.5,624.0,624.0,624.0,,False,single-half (-V),,7.603123759527842e-07,10.93,False,C-Br stretching [halo compound] 515-690; C-Cl stretching [halo compound] 550-850
impure,44_53,4.5,3.5,688.0,688.0,688.0,,False,single-half (+V),,7.212366357013944e-07,10.37,False,aromatic out-of-plane C-H bending [benzene derivative] 680-720; C=C bending [alkene] 665-730; C-Br stretching [halo compound] 515-690
impure,44_53,4.5,3.5,896.0,896.0,896.0,,False,confirmed,even,2.549450447557601e-07,3.67,False,C-H bending [1-2-4-trisubstituted benzene] 860-900; C-H bending [1-3-disubstituted benzene] 860-900; C-H out-of-plane bending [aromatic substitution] 650-900
impure,44_53,4.5,3.5,1008.0,1008.0,1008.0,,False,single-half (+V),,2.679564931537023e-07,3.85,False,C-F stretching [fluoro compound] 1000-1400; C-N stretching [amine] 1020-1250; C=C bending [allene] 985-995
impure,44_53,4.5,3.5,1088.0,1088.0,1088.0,,False,tentative (+V),,1.6616808650665435e-07,2.39,False,C-O stretching [secondary alcohol] 1087-1124; C-O stretching [aliphatic ether] 1085-1150; C-N stretching [amine] 1020-1250
impure,44_54,4.5,4.0,520.0,716.2,323.8,196.2,True,confirmed,even,1.1038865445447554e-07,1.83,False,C-I stretching [halo compound] 500-600; C-Br stretching [halo compound] 515-690; M-O stretching [metal-oxygen (inorganic)] 400-600
impure,44_54,4.5,4.0,716.0,921.5,510.5,205.5,True,confirmed,even,5.530649776933235e-07,9.16,False,aromatic out-of-plane C-H bending [benzene derivative] 680-720; C=C bending [alkene] 665-730; C-Cl stretching [alkyl halide] 700-800
impure,44_54,4.5,4.0,892.0,1105.9,678.1,213.9,True,confirmed,even,5.989288206887148e-07,9.92,False,C=C bending [alkene] 885-895; C-H bending [1-2-4-trisubstituted benzene] 860-900; C-H bending [1-3-disubstituted benzene] 860-900
impure,44_54,4.5,4.0,1088.0,1311.2,864.8,223.2,True,confirmed,even,5.4931315552270427e-08,0.91,False,C-O stretching [secondary alcohol] 1087-1124; C-O stretching [aliphatic ether] 1085-1150; C-N stretching [amine] 1020-1250
impure,44_54,4.5,4.0,3536.0,3875.8,3196.2,339.8,True,tentative (-V),,4.565932752283172e-07,7.57,False,O-H stretching (free) [phenol/alcohol] 3500-3700; O-H stretching (H-bonded) [alcohol] 3200-3550; N-H stretching [primary amine] 3500-3500
impure,51_52,5.0,1.5,224.0,224.0,224.0,,False,tentative (-V),,5.774087543002203e-07,9.07,False,
impure,51_52,5.0,1.5,360.0,360.0,360.0,,False,confirmed,odd,5.484142878072034e-07,8.61,False,
impure,51_52,5.0,1.5,512.0,512.0,512.0,,False,single-half (+V),,6.481055827483495e-07,10.18,False,C-I stretching [halo compound] 500-600; M-O stretching [metal-oxygen (inorganic)] 400-600; C-Br stretching [halo compound] 515-690
impure,51_52,5.0,1.5,568.0,568.0,568.0,,False,tentative (-V),,1.2324862733895942e-07,1.94,False,C-I stretching [halo compound] 500-600; C-Br stretching [halo compound] 515-690; M-O stretching [metal-oxygen (inorganic)] 400-600
impure,51_52,5.0,1.5,1312.0,1312.0,1312.0,,False,single-half (+V),,9.137441831328967e-08,1.44,False,S=O stretching [sulfone] 1300-1350; C-N stretching [aromatic amine] 1266-1342; O-H bending [phenol] 1310-1390
impure,51_52,5.0,1.5,1344.0,1344.0,1344.0,,False,tentative (+V),,1.2262365683585494e-07,1.93,False,S=O stretching [sulfonic acid] 1342-1350; S=O stretching [sulfonamide] 1335-1370; S=O stretching [sulfonate] 1335-1372
impure,51_52,5.0,1.5,1504.0,1504.0,1504.0,,False,tentative (+V),,7.988729927556625e-08,1.25,False,N-O stretching [nitro compound] 1500-1550
impure,51_52,5.0,1.5,1684.0,1684.0,1684.0,,False,confirmed,even,6.910964682582159e-08,1.09,False,C=O stretching [conjugated ketone] 1666-1685; C=O stretching [conjugated acid] 1680-1710; C=N stretching [imine/oxime] 1640-1690
impure,51_52,5.0,1.5,3064.0,3064.0,3064.0,,False,single-half (-V),,1.4781672536927083e-07,2.32,False,C-H stretching (aromatic) [aromatic hydrocarbon] 3050-3100; C-H stretching [alkene] 3000-3100; O-H stretching [alcohol] 2700-3200
impure,51_52,5.0,1.5,3144.0,3144.0,3144.0,,False,single-half (-V),,3.001413859266134e-07,4.71,False,O-H stretching [alcohol] 2700-3200; O-H stretching [carboxylic acid] 2500-3300
impure,51_52,5.0,1.5,3360.0,3360.0,3360.0,,False,confirmed,even,3.24048936154926e-07,5.09,False,N-H stretching [aliphatic primary amine] 3300-3400; O-H stretching (H-bonded) [alcohol] 3200-3550; N-H stretching [secondary amine] 3310-3350
impure,51_52,5.0,1.5,3516.0,3516.0,3516.0,,False,confirmed,even,2.7387088985935807e-07,4.3,False,O-H stretching (free) [phenol/alcohol] 3500-3700; O-H stretching (H-bonded) [alcohol] 3200-3550; N-H stretching [primary amine] 3500-3500
impure,52_53,5.0,2.5,248.0,364.8,131.2,116.8,True,tentative (+V),,1.3437264845163585e-07,3.76,False,
impure,52_53,5.0,2.5,468.0,572.0,364.0,104.0,True,confirmed,even,5.594491820660052e-07,15.64,False,M-O stretching [metal-oxygen (inorganic)] 400-600; C-I stretching [halo compound] 500-600; C-Br stretching [halo compound] 515-690
impure,52_53,5.0,2.5,636.0,730.2,541.8,94.2,True,confirmed,even,5.882747681294597e-07,16.44,False,C-Br stretching [halo compound] 515-690; C-Cl stretching [halo compound] 550-850; C-H out-of-plane bending [aromatic substitution] 650-900
impure,52_53,5.0,2.5,832.0,914.8,749.2,82.8,True,confirmed,even,1.1098585253336821e-07,3.1,False,C=C bending [alkene] 790-840; C-H out-of-plane bending [aromatic substitution] 650-900; C-Cl stretching [halo compound] 550-850
impure,52_53,5.0,2.5,900.0,978.8,821.2,78.8,True,confirmed,even,4.7563750730657246e-08,1.33,False,C-H bending [1-2-4-trisubstituted benzene] 860-900; C-H bending [1-3-disubstituted benzene] 860-900; C-H out-of-plane bending [aromatic substitution] 650-900
impure,52_53,5.0,2.5,1592.0,1630.6,1553.4,38.6,True,tentative (+V),,2.4698101756252178e-08,0.69,False,N-H bending [amine] 1580-1650; C=C stretching [cyclic alkene] 1566-1650; C=C stretching [conjugated alkene] 1600-1650
impure,52_53,5.0,2.5,1704.0,1736.0,1672.0,32.0,True,tentative (+V),,7.328957256596785e-08,2.05,False,C=O stretching [conjugated aldehyde] 1685-1710; C=O stretching [conjugated acid] 1680-1710; C-H bending (overtone) [aromatic compound] 1650-2000
impure,53_54,5.0,3.5,744.0,848.8,639.2,104.8,True,confirmed,even,3.18422003677699e-07,12.24,True,C-H bending [1-2-disubstituted benzene] 735-775; C-H bending [monosubstituted benzene] 730-770; C-Cl stretching [alkyl halide] 700-800
impure,53_54,5.0,3.5,956.0,1048.5,863.5,92.5,True,confirmed,even,3.260026796604261e-07,12.53,True,C=C bending [alkene] 960-980; =C-H out-of-plane bending [trans-alkene] 970-990; C=C bending [allene] 985-995
impure,53_54,5.0,3.5,3536.0,3478.3,3593.7,57.7,True,tentative (-V),,6.801018927050915e-08,2.61,True,O-H stretching (free) [phenol/alcohol] 3500-3700; O-H stretching (H-bonded) [alcohol] 3200-3550; N-H stretching [primary amine] 3500-3500
pure,11_21,1.5,1.0,308.0,308.0,308.0,,False,confirmed,even,4.539200795492945e-07,1.97,False,
pure,11_21,1.5,1.0,1200.0,1200.0,1200.0,,False,tentative (-V),,4.702524011766546e-07,2.04,False,C-O stretching [vinyl ether] 1200-1225; C-O stretching [ester] 1163-1210; C-O stretching [alkyl aryl ether] 1200-1275
pure,11_21,1.5,1.0,1264.0,1264.0,1264.0,,False,confirmed,even,3.581637564560723e-07,1.55,False,C-O stretching [aromatic ester] 1250-1310; C-O stretching [alkyl aryl ether] 1200-1275; C-F stretching [fluoro compound] 1000-1400
pure,11_21,1.5,1.0,1416.0,1416.0,1416.0,,False,confirmed,odd,6.266353564871754e-07,2.72,False,O-H bending [carboxylic acid] 1395-1440; O-H bending [alcohol] 1330-1420; S=O stretching [sulfate] 1380-1415
pure,11_21,1.5,1.0,1488.0,1488.0,1488.0,,False,confirmed,even,1.602540415119962e-07,0.7,False,N-O stretching [nitro compound] 1500-1550
pure,11_21,1.5,1.0,1528.0,1528.0,1528.0,,False,tentative (+V),,4.929243747465282e-07,2.14,False,N-O stretching [nitro compound] 1500-1550
pure,11_21,1.5,1.0,1628.0,1628.0,1628.0,,False,confirmed,even,2.265472158973314e-06,9.83,False,C=C stretching [alkene] 1626-1662; C=C stretching [conjugated alkene] 1600-1650; N-H bending [amine] 1580-1650
pure,11_21,1.5,1.0,1704.0,1704.0,1704.0,,False,tentative (-V),,1.3557713817323464e-07,0.59,False,C=O stretching [conjugated aldehyde] 1685-1710; C=O stretching [conjugated acid] 1680-1710; C-H bending (overtone) [aromatic compound] 1650-2000
pure,11_21,1.5,1.0,1772.0,1772.0,1772.0,,False,confirmed,odd,1.2776301747112896e-06,5.54,False,C=O stretching [vinyl/phenyl ester] 1770-1780; C=O stretching [conjugated acid halide] 1770-1800; C-H bending (overtone) [aromatic compound] 1650-2000
pure,11_21,1.5,1.0,1856.0,1856.0,1856.0,,False,tentative (+V),,1.2984459003032672e-06,5.63,False,C-H bending (overtone) [aromatic compound] 1650-2000
pure,11_22,1.5,1.5,1512.0,1512.0,1512.0,,False,confirmed,even,5.606954256786091e-08,1.93,False,N-O stretching [nitro compound] 1500-1550
pure,12_13,1.0,2.5,624.0,624.0,624.0,,False,tentative (-V),,2.2094672230890735e-06,4.65,False,C-Br stretching [halo compound] 515-690; C-Cl stretching [halo compound] 550-850
pure,12_13,1.0,2.5,704.0,704.0,704.0,,False,confirmed,odd,2.5427687977792333e-06,5.35,False,aromatic out-of-plane C-H bending [benzene derivative] 680-720; C=C bending [alkene] 665-730; C-Cl stretching [alkyl halide] 700-800
pure,12_13,1.0,2.5,800.0,800.0,800.0,,False,confirmed,odd,6.71870850916651e-07,1.41,False,C-H bending [1-4-disubstituted benzene] 790-830; C-H bending [1-2-3-4-tetrasubstituted benzene] 790-830; C-H bending [1-2-3-trisubstituted benzene] 760-800
pure,12_13,1.0,2.5,1680.0,1680.0,1680.0,,False,tentative (+V),,1.270482177386154e-06,2.67,False,C=O stretching [secondary amide] 1680-1680; C=O stretching [tertiary amide] 1680-1680; C=O stretching [conjugated ketone] 1666-1685
pure,12_13,1.0,2.5,1752.0,1752.0,1752.0,,False,confirmed,odd,1.069965432267288e-06,2.25,False,C-H bending (overtone) [aromatic compound] 1650-2000; C=O stretching [ester] 1735-1750; C=O stretching [δ-lactone] 1735-1750
pure,12_13,1.0,2.5,2960.0,2960.0,2960.0,,False,single-half (-V),,5.197045733805959e-06,10.93,False,C-H stretching [alkane] 2840-3000; N-H stretching [amine salt] 2800-3000; O-H stretching [alcohol] 2700-3200
pure,12_13,1.0,2.5,3048.0,3048.0,3048.0,,False,single-half (-V),,6.426052364663312e-06,13.51,False,C-H stretching [alkene] 3000-3100; O-H stretching [alcohol] 2700-3200; O-H stretching [carboxylic acid] 2500-3300
pure,12_13,1.0,2.5,3272.0,3272.0,3272.0,,False,single-half (-V),,8.628635132037852e-06,18.15,False,C-H stretching [alkyne] 3267-3333; O-H stretching (H-bonded) [alcohol] 3200-3550; O-H stretching [carboxylic acid] 2500-3300
pure,12_13,1.0,2.5,3368.0,3368.0,3368.0,,False,single-half (-V),,9.511452637666646e-06,20.0,False,N-H stretching [aliphatic primary amine] 3300-3400; O-H stretching (H-bonded) [alcohol] 3200-3550; N-H stretching [secondary amine] 3310-3350
pure,12_13,1.0,2.5,3464.0,3464.0,3464.0,,False,tentative (-V),,8.213824340776776e-07,1.73,False,O-H stretching (H-bonded) [alcohol] 3200-3550
pure,12_21,1.5,1.5,580.0,702.9,457.1,122.9,True,confirmed,even,5.48901501214569e-08,1.41,False,C-I stretching [halo compound] 500-600; C-Br stretching [halo compound] 515-690; M-O stretching [metal-oxygen (inorganic)] 400-600
pure,12_21,1.5,1.5,776.0,894.9,657.1,118.9,True,confirmed,even,2.9775201300834716e-07,7.64,False,C-H bending [1-2-3-trisubstituted benzene] 760-800; C-Cl stretching [alkyl halide] 700-800; C-H out-of-plane bending [aromatic substitution] 650-900
pure,12_21,1.5,1.5,1052.0,1165.2,938.8,113.2,True,confirmed,even,3.345138809645214e-07,8.58,False,C-O stretching [primary alcohol] 1050-1085; S=O stretching [sulfoxide] 1030-1070; C-N stretching [amine] 1020-1250
pure,12_21,1.5,1.5,1256.0,1365.1,1146.9,109.1,True,confirmed,even,8.127743070365853e-08,2.09,False,C-O stretching [aromatic ester] 1250-1310; C-O stretching [alkyl aryl ether] 1200-1275; C-F stretching [fluoro compound] 1000-1400
pure,12_22,1.5,2.0,1528.0,1528.0,1528.0,,False,single-half (+V),,3.964293527721325e-06,18.78,False,N-O stretching [nitro compound] 1500-1550
pure,12_22,1.5,2.0,1656.0,1656.0,1656.0,,False,single-half (+V),,5.922971650190878e-06,28.06,False,C=C stretching [alkene] 1648-1658; C=C stretching [alkene] 1626-1662; C=N stretching [imine/oxime] 1640-1690
pure,12_22,1.5,2.0,1768.0,1768.0,1768.0,,False,single-half (+V),,3.818396833915423e-06,18.09,False,C-H bending (overtone) [aromatic compound] 1650-2000; C=O stretching [vinyl/phenyl ester] 1770-1780; C=O stretching [conjugated acid halide] 1770-1800
pure,12_22,1.5,2.0,1896.0,1896.0,1896.0,,False,tentative (+V),,2.808572354582783e-07,1.33,False,C-H bending (overtone) [aromatic compound] 1650-2000; C=C=C stretching [allene] 1900-2000
pure,12_23,1.5,2.5,708.0,764.6,651.4,56.6,True,confirmed,even,2.2430264006412776e-07,1.55,False,aromatic out-of-plane C-H bending [benzene derivative] 680-720; C=C bending [alkene] 665-730; C-Cl stretching [alkyl halide] 700-800
pure,12_23,1.5,2.5,788.0,848.4,727.6,60.4,True,confirmed,even,1.8805740340847474e-06,13.03,False,C-H bending [1-2-3-trisubstituted benzene] 760-800; C-Cl stretching [alkyl halide] 700-800; C-H out-of-plane bending [aromatic substitution] 650-900
pure,12_23,1.5,2.5,908.0,974.1,841.9,66.1,True,confirmed,even,1.941746633734742e-06,13.46,False,=C-H out-of-plane bending [vinyl group] 905-920; C-H bending [1-2-4-trisubstituted benzene] 860-900; C-H bending [1-3-disubstituted benzene] 860-900
pure,12_23,1.5,2.5,988.0,1057.9,918.1,69.9,True,confirmed,even,2.513904972329285e-07,1.74,False,C=C bending [allene] 985-995; =C-H out-of-plane bending [trans-alkene] 970-990; C=C bending [alkene] 960-980
pure,12_23,1.5,2.5,3632.0,3827.8,3436.2,195.8,True,tentative (-V),,1.371733857084322e-06,9.51,False,O-H stretching (free) [alcohol/phenol] 3584-3700; O-H stretching (free) [phenol/alcohol] 3500-3700; O-H stretching (H-bonded) [alcohol] 3200-3550
pure,13_14,1.0,3.5,3464.0,3464.0,3464.0,,False,confirmed,even,3.540703059545924e-07,1.44,False,O-H stretching (H-bonded) [alcohol] 3200-3550
pure,13_22,1.5,2.5,312.0,312.0,312.0,,False,tentative (+V),,4.662040603986161e-07,2.81,False,
pure,13_22,1.5,2.5,448.0,448.0,448.0,,False,tentative (+V),,4.1386090044500365e-07,2.5,False,M-O stretching [metal-oxygen (inorganic)] 400-600
pure,13_22,1.5,2.5,664.0,664.0,664.0,,False,tentative (+V),,3.8115257048333705e-08,0.23,False,C-Br stretching [halo compound] 515-690; C-H out-of-plane bending [aromatic substitution] 650-900; C-Cl stretching [halo compound] 550-850
pure,13_22,1.5,2.5,736.0,736.0,736.0,,False,tentative (-V),,8.258203128910768e-07,4.99,False,C-H bending [1-2-disubstituted benzene] 735-775; C-H bending [monosubstituted benzene] 730-770; C-Cl stretching [alkyl halide] 700-800
pure,13_22,1.5,2.5,832.0,832.0,832.0,,False,single-half (+V),,1.8654044251070497e-06,11.26,False,C=C bending [alkene] 790-840; C-H out-of-plane bending [aromatic substitution] 650-900; C-Cl stretching [halo compound] 550-850
pure,13_22,1.5,2.5,960.0,960.0,960.0,,False,confirmed,even,1.795898160284281e-06,10.84,False,C=C bending [alkene] 960-980; =C-H out-of-plane bending [trans-alkene] 970-990
pure,13_22,1.5,2.5,1116.0,1116.0,1116.0,,False,confirmed,even,5.82938705158936e-07,3.52,False,C-O stretching [secondary alcohol] 1087-1124; C-O stretching [aliphatic ether] 1085-1150; C-N stretching [amine] 1020-1250
pure,13_22,1.5,2.5,1872.0,1872.0,1872.0,,False,single-half (-V),,4.036730376328922e-07,2.44,False,C-H bending (overtone) [aromatic compound] 1650-2000
pure,13_22,1.5,2.5,2000.0,2000.0,2000.0,,False,single-half (-V),,7.941728336504681e-07,4.8,False,C=C=C stretching [allene] 1900-2000; N=C=S stretching [isothiocyanate] 1990-2140; C-H bending (overtone) [aromatic compound] 1650-2000
pure,13_22,1.5,2.5,2136.0,2136.0,2136.0,,False,tentative (-V),,5.88201281287216e-07,3.55,False,N=C=N stretching [carbodiimide] 2120-2145; N=N=N stretching [azide] 2120-2160; C≡C stretching [alkyne] 2100-2140
pure,13_23,1.5,3.0,356.0,377.0,335.0,21.0,True,confirmed,even,5.205285400827889e-08,1.36,False,
pure,13_23,1.5,3.0,548.0,571.9,524.1,23.9,True,confirmed,even,2.80021814396438e-07,7.33,False,C-I stretching [halo compound] 500-600; C-Br stretching [halo compound] 515-690; M-O stretching [metal-oxygen (inorganic)] 400-600
pure,13_23,1.5,3.0,840.0,868.2,811.8,28.2,True,confirmed,even,3.6407060428342985e-07,9.53,False,C=C bending [alkene] 790-840; C-H out-of-plane bending [aromatic substitution] 650-900; C-Cl stretching [halo compound] 550-850
pure,13_23,1.5,3.0,3624.0,3693.3,3554.7,69.3,True,tentative (-V),,2.3004355693936255e-07,6.02,False,O-H stretching (free) [alcohol/phenol] 3584-3700; O-H stretching (free) [phenol/alcohol] 3500-3700; O-H stretching (H-bonded) [alcohol] 3200-3550
pure,13_24,1.5,3.5,584.0,603.7,564.3,19.7,True,confirmed,even,7.510927223545287e-08,1.36,False,C-I stretching [halo compound] 500-600; C-Br stretching [halo compound] 515-690; M-O stretching [metal-oxygen (inorganic)] 400-600
pure,13_24,1.5,3.5,752.0,777.4,726.6,25.4,True,confirmed,even,5.713328707738659e-07,10.34,False,C-H bending [1-2-disubstituted benzene] 735-775; C-H bending [monosubstituted benzene] 730-770; C-Cl stretching [alkyl halide] 700-800
pure,13_24,1.5,3.5,940.0,971.8,908.2,31.8,True,confirmed,even,6.097096068093032e-07,11.04,False,=C-H out-of-plane bending [vinyl group] 905-920; C=C bending [alkene] 960-980; =C-H out-of-plane bending [trans-alkene] 970-990
pure,14_24,1.5,4.0,612.0,612.0,612.0,,False,confirmed,even,3.026606192873867e-07,3.61,False,C-Br stretching [halo compound] 515-690; C-Cl stretching [halo compound] 550-850; C-I stretching [halo compound] 500-600
pure,14_24,1.5,4.0,1320.0,1320.0,1320.0,,False,tentative (+V),,6.9885511329811905e-09,0.08,False,S=O stretching [sulfone] 1300-1350; C-N stretching [aromatic amine] 1266-1342; O-H bending [phenol] 1310-1390
pure,14_24,1.5,4.0,1516.0,1516.0,1516.0,,False,confirmed,even,1.781402938042643e-07,2.12,False,N-O stretching [nitro compound] 1500-1550
pure,21_22,2.0,1.5,656.0,722.5,589.5,66.5,True,confirmed,even,1.5158775774970024e-07,4.01,False,C-Br stretching [halo compound] 515-690; C-H out-of-plane bending [aromatic substitution] 650-900; C-Cl stretching [halo compound] 550-850
pure,21_22,2.0,1.5,972.0,1021.9,922.1,49.9,True,confirmed,even,1.7573791085730592e-07,4.65,False,=C-H out-of-plane bending [trans-alkene] 970-990; C=C bending [alkene] 960-980; C=C bending [allene] 985-995
pure,21_22,2.0,1.5,1356.0,1385.7,1326.3,29.7,True,confirmed,even,1.098538226481802e-08,0.29,False,S=O stretching [sulfonamide] 1335-1370; S=O stretching [sulfonate] 1335-1372; O-H bending [phenol] 1310-1390
pure,21_22,2.0,1.5,1532.0,1552.4,1511.6,20.4,True,confirmed,even,6.130253093311163e-08,1.62,False,N-O stretching [nitro compound] 1500-1550; C=C stretching [cyclic alkene] 1566-1650
pure,21_22,2.0,1.5,1868.0,1870.7,1865.3,2.7,True,confirmed,even,5.163675106735262e-08,1.37,False,C-H bending (overtone) [aromatic compound] 1650-2000
pure,21_31,2.5,1.0,760.0,760.0,760.0,,False,single-half (-V),,5.341594528489885e-07,5.92,False,C-H bending [1-2-3-trisubstituted benzene] 760-800; C-H bending [1-2-disubstituted benzene] 735-775; C-H bending [monosubstituted benzene] 730-770
pure,21_31,2.5,1.0,896.0,896.0,896.0,,False,confirmed,odd,4.708123245413447e-07,5.22,False,C-H bending [1-2-4-trisubstituted benzene] 860-900; C-H bending [1-3-disubstituted benzene] 860-900; C-H out-of-plane bending [aromatic substitution] 650-900
pure,21_31,2.5,1.0,1020.0,1020.0,1020.0,,False,confirmed,odd,2.493664559299673e-07,2.76,False,C-N stretching [amine] 1020-1250; C-F stretching [fluoro compound] 1000-1400; S=O stretching [sulfoxide] 1030-1070
pure,21_31,2.5,1.0,1648.0,1648.0,1648.0,,False,tentative (-V),,2.169470660124891e-07,2.41,False,C=C stretching [alkene] 1648-1658; C=C stretching [alkene] 1638-1648; C=C stretching [alkene] 1626-1662
pure,21_31,2.5,1.0,1752.0,1752.0,1752.0,,False,tentative (-V),,1.9989528230733536e-07,2.22,False,C-H bending (overtone) [aromatic compound] 1650-2000; C=O stretching [ester] 1735-1750; C=O stretching [δ-lactone] 1735-1750
pure,21_32,2.5,1.5,832.0,893.9,770.1,61.9,True,confirmed,even,1.8323251954720908e-07,5.33,False,C=C bending [alkene] 790-840; C-H out-of-plane bending [aromatic substitution] 650-900; C-Cl stretching [halo compound] 550-850
pure,21_32,2.5,1.5,1128.0,1169.4,1086.6,41.4,True,confirmed,even,1.7792044146884092e-07,5.18,False,C-O stretching [aliphatic ether] 1085-1150; C-O stretching [tertiary alcohol] 1124-1205; C-N stretching [amine] 1020-1250
pure,22_23,2.0,2.5,600.0,600.0,600.0,,False,tentative (+V),,1.2172809359065676e-07,2.29,False,C-I stretching [halo compound] 500-600; C-Br stretching [halo compound] 515-690; M-O stretching [metal-oxygen (inorganic)] 400-600
pure,22_23,2.0,2.5,832.0,832.0,832.0,,False,tentative (-V),,1.3225266595884645e-07,2.49,False,C=C bending [alkene] 790-840; C-H out-of-plane bending [aromatic substitution] 650-900; C-Cl stretching [halo compound] 550-850
pure,22_23,2.0,2.5,928.0,928.0,928.0,,False,tentative (+V),,1.217971878108711e-07,2.29,False,=C-H out-of-plane bending [vinyl group] 905-920
pure,22_31,2.5,1.5,904.0,920.0,888.0,16.0,True,confirmed,even,6.583355349186176e-08,1.66,False,=C-H out-of-plane bending [vinyl group] 905-920; C-H bending [1-2-4-trisubstituted benzene] 860-900; C-H bending [1-3-disubstituted benzene] 860-900
pure,22_31,2.5,1.5,1052.0,1068.0,1036.0,16.0,True,confirmed,even,5.45785305219984e-07,13.78,False,C-O stretching [primary alcohol] 1050-1085; S=O stretching [sulfoxide] 1030-1070; C-N stretching [amine] 1020-1250
pure,22_31,2.5,1.5,1204.0,1220.0,1188.0,16.0,True,confirmed,even,5.460090537066329e-07,13.78,False,C-O stretching [vinyl ether] 1200-1225; C-O stretching [ester] 1163-1210; C-O stretching [alkyl aryl ether] 1200-1275
pure,22_31,2.5,1.5,1360.0,1376.0,1344.0,16.0,True,confirmed,even,3.500197626938353e-08,0.88,False,S=O stretching [sulfonamide] 1335-1370; S=O stretching [sulfonate] 1335-1372; O-H bending [phenol] 1310-1390
pure,22_31,2.5,1.5,1620.0,1636.0,1604.0,16.0,True,confirmed,even,1.277358596727379e-07,3.22,False,C=C stretching [α-β-unsaturated ketone] 1610-1620; C=C stretching [conjugated alkene] 1600-1650; N-H bending [amine] 1580-1650
pure,22_31,2.5,1.5,1768.0,1784.0,1752.0,16.0,True,confirmed,even,1.293367776392571e-07,3.27,False,C-H bending (overtone) [aromatic compound] 1650-2000; C=O stretching [vinyl/phenyl ester] 1770-1780; C=O stretching [conjugated acid halide] 1770-1800
pure,22_32,2.5,2.0,848.0,848.0,848.0,,False,single-half (+V),,9.338491871840238e-07,7.46,False,C-H out-of-plane bending [aromatic substitution] 650-900; C-Cl stretching [halo compound] 550-850; C=C bending [alkene] 790-840
pure,22_32,2.5,2.0,1168.0,1168.0,1168.0,,False,single-half (+V),,7.614913677400602e-07,6.08,False,C-O stretching [ester] 1163-1210; C-O stretching [tertiary alcohol] 1124-1205; C-N stretching [amine] 1020-1250
pure,22_32,2.5,2.0,3192.0,3192.0,3192.0,,False,single-half (+V),,6.665017319263495e-07,5.32,False,O-H stretching [alcohol] 2700-3200; O-H stretching [carboxylic acid] 2500-3300; O-H stretching (H-bonded) [alcohol] 3200-3550
pure,22_32,2.5,2.0,3288.0,3288.0,3288.0,,False,tentative (-V),,5.491241498216035e-07,4.39,False,C-H stretching [alkyne] 3267-3333; O-H stretching (H-bonded) [alcohol] 3200-3550; O-H stretching [carboxylic acid] 2500-3300
pure,22_32,2.5,2.0,3432.0,3432.0,3432.0,,False,single-half (+V),,1.0001582302821025e-06,7.99,False,O-H stretching (H-bonded) [alcohol] 3200-3550
pure,22_32,2.5,2.0,3528.0,3528.0,3528.0,,False,tentative (-V),,2.673805065647981e-07,2.14,False,O-H stretching (free) [phenol/alcohol] 3500-3700; O-H stretching (H-bonded) [alcohol] 3200-3550
pure,22_32,2.5,2.0,3632.0,3632.0,3632.0,,False,tentative (+V),,1.4077445612012678e-06,11.24,False,O-H stretching (free) [alcohol/phenol] 3584-3700; O-H stretching (free) [phenol/alcohol] 3500-3700
pure,22_33,2.5,2.5,852.0,908.0,796.0,56.0,True,confirmed,even,1.32915365453115e-07,7.3,False,C-H out-of-plane bending [aromatic substitution] 650-900; C-Cl stretching [halo compound] 550-850; C-H bending [1-2-4-trisubstituted benzene] 860-900
pure,22_33,2.5,2.5,1160.0,1217.5,1102.5,57.5,True,confirmed,even,1.2189043195679988e-07,6.69,False,C-O stretching [tertiary alcohol] 1124-1205; C-N stretching [amine] 1020-1250; C-F stretching [fluoro compound] 1000-1400
pure,22_33,2.5,2.5,3464.0,3533.0,3395.0,69.0,True,tentative (-V),,2.944641186383776e-08,1.62,False,O-H stretching (H-bonded) [alcohol] 3200-3550; N-H stretching [primary amine] 3500-3500; O-H stretching (free) [phenol/alcohol] 3500-3700
pure,23_24,2.0,3.5,584.0,584.0,584.0,,False,confirmed,even,1.3333139547534319e-07,2.69,False,C-I stretching [halo compound] 500-600; C-Br stretching [halo compound] 515-690; M-O stretching [metal-oxygen (inorganic)] 400-600
pure,23_24,2.0,3.5,872.0,872.0,872.0,,False,single-half (-V),,1.955494317160243e-07,3.95,False,C-H bending [1-2-4-trisubstituted benzene] 860-900; C-H bending [1-3-disubstituted benzene] 860-900; C-H out-of-plane bending [aromatic substitution] 650-900
pure,23_24,2.0,3.5,920.0,920.0,920.0,,False,tentative (+V),,1.7622075820042393e-07,3.56,False,=C-H out-of-plane bending [vinyl group] 905-920; C-H bending [1-2-4-trisubstituted benzene] 860-900; C-H bending [1-3-disubstituted benzene] 860-900
pure,23_24,2.0,3.5,1880.0,1880.0,1880.0,,False,confirmed,even,8.026277783482016e-08,1.62,False,C-H bending (overtone) [aromatic compound] 1650-2000; C=C=C stretching [allene] 1900-2000
pure,23_24,2.0,3.5,3288.0,3288.0,3288.0,,False,tentative (-V),,1.510482751974771e-08,0.31,False,C-H stretching [alkyne] 3267-3333; O-H stretching (H-bonded) [alcohol] 3200-3550; O-H stretching [carboxylic acid] 2500-3300
pure,23_24,2.0,3.5,3552.0,3552.0,3552.0,,False,tentative (-V),,2.1432515032895999e-07,4.33,False,O-H stretching (free) [phenol/alcohol] 3500-3700; O-H stretching (H-bonded) [alcohol] 3200-3550
pure,23_32,2.5,2.5,716.0,759.2,672.8,43.2,True,confirmed,even,5.956358799291409e-08,2.26,False,aromatic out-of-plane C-H bending [benzene derivative] 680-720; C=C bending [alkene] 665-730; C-Cl stretching [alkyl halide] 700-800
pure,23_32,2.5,2.5,868.0,907.3,828.7,39.3,True,confirmed,even,2.2643928853206022e-07,8.61,False,C-H bending [1-2-4-trisubstituted benzene] 860-900; C-H bending [1-3-disubstituted benzene] 860-900; C-H out-of-plane bending [aromatic substitution] 650-900
pure,23_32,2.5,2.5,1180.0,1211.3,1148.7,31.3,True,confirmed,even,2.3996705259614226e-07,9.12,False,C-O stretching [ester] 1163-1210; C-O stretching [tertiary alcohol] 1124-1205; C-N stretching [amine] 1020-1250
pure,23_32,2.5,2.5,1344.0,1371.1,1316.9,27.1,True,confirmed,even,5.6242620473534504e-08,2.14,False,S=O stretching [sulfonic acid] 1342-1350; S=O stretching [sulfonamide] 1335-1370; S=O stretching [sulfonate] 1335-1372
pure,23_32,2.5,2.5,1512.0,1534.8,1489.2,22.8,True,tentative (+V),,4.8244451522603255e-08,1.83,False,N-O stretching [nitro compound] 1500-1550
pure,23_32,2.5,2.5,1560.0,1581.5,1538.5,21.5,True,tentative (-V),,7.563784831793134e-08,2.88,False,C=C stretching [cyclic alkene] 1566-1650; N-O stretching [nitro compound] 1500-1550; N-H bending [amine] 1580-1650
pure,23_32,2.5,2.5,1852.0,1866.1,1837.9,14.1,True,confirmed,even,9.341514656090181e-08,3.55,False,C-H bending (overtone) [aromatic compound] 1650-2000; C=O stretching [anhydride] 1818-1818
pure,23_32,2.5,2.5,2832.0,2820.9,2843.1,11.1,True,tentative (-V),,6.4965657012758755e-09,0.25,False,N-H stretching [amine salt] 2800-3000; O-H stretching [alcohol] 2700-3200; O-H stretching [carboxylic acid] 2500-3300
pure,23_33,2.5,3.0,816.0,816.0,816.0,,False,confirmed,even,1.1831655540081696e-07,3.14,False,C-H bending [1-4-disubstituted benzene] 790-830; C-H bending [1-2-3-4-tetrasubstituted benzene] 790-830; C=C bending [alkene] 790-840
pure,23_33,2.5,3.0,992.0,992.0,992.0,,False,confirmed,even,1.3577016871198093e-07,3.61,False,C=C bending [allene] 985-995; =C-H out-of-plane bending [trans-alkene] 970-990; C-F stretching [fluoro compound] 1000-1400
pure,23_33,2.5,3.0,3520.0,3520.0,3520.0,,False,tentative (-V),,1.4163286588421102e-07,3.76,False,O-H stretching (free) [phenol/alcohol] 3500-3700; O-H stretching (H-bonded) [alcohol] 3200-3550; N-H stretching [primary amine] 3500-3500
pure,23_34,2.5,3.5,960.0,960.0,960.0,,False,tentative (-V),,9.666072102407523e-08,2.06,False,C=C bending [alkene] 960-980; =C-H out-of-plane bending [trans-alkene] 970-990
pure,23_34,2.5,3.5,1016.0,1016.0,1016.0,,False,tentative (+V),,1.3189016594222694e-07,2.81,False,C-F stretching [fluoro compound] 1000-1400; C-N stretching [amine] 1020-1250; S=O stretching [sulfoxide] 1030-1070
pure,23_34,2.5,3.5,1136.0,1136.0,1136.0,,False,tentative (-V),,1.5795447443691101e-07,3.36,False,C-O stretching [aliphatic ether] 1085-1150; C-O stretching [tertiary alcohol] 1124-1205; C-N stretching [amine] 1020-1250
pure,23_34,2.5,3.5,1176.0,1176.0,1176.0,,False,tentative (+V),,1.3235040825638312e-07,2.82,False,C-O stretching [ester] 1163-1210; C-O stretching [tertiary alcohol] 1124-1205; C-N stretching [amine] 1020-1250
pure,23_34,2.5,3.5,3512.0,3512.0,3512.0,,False,tentative (-V),,1.7249139713050156e-07,3.67,False,O-H stretching (free) [phenol/alcohol] 3500-3700; O-H stretching (H-bonded) [alcohol] 3200-3550; N-H stretching [primary amine] 3500-3500
pure,24_34,2.5,4.0,3528.0,3528.0,3528.0,,False,tentative (-V),,7.592275799708767e-07,3.73,False,O-H stretching (free) [phenol/alcohol] 3500-3700; O-H stretching (H-bonded) [alcohol] 3200-3550
pure,24_34,2.5,4.0,3632.0,3632.0,3632.0,,False,tentative (-V),,1.6688698536895814e-06,8.2,False,O-H stretching (free) [alcohol/phenol] 3584-3700; O-H stretching (free) [phenol/alcohol] 3500-3700
pure,31_32,3.0,1.5,600.0,600.0,600.0,,False,tentative (-V),,5.588009706453569e-07,5.48,False,C-I stretching [halo compound] 500-600; C-Br stretching [halo compound] 515-690; M-O stretching [metal-oxygen (inorganic)] 400-600
pure,31_32,3.0,1.5,712.0,712.0,712.0,,False,tentative (+V),,4.742134202016204e-07,4.65,False,aromatic out-of-plane C-H bending [benzene derivative] 680-720; C=C bending [alkene] 665-730; C-Cl stretching [alkyl halide] 700-800
pure,31_32,3.0,1.5,808.0,808.0,808.0,,False,tentative (-V),,3.428849375306046e-07,3.36,False,C-H bending [1-4-disubstituted benzene] 790-830; C-H bending [1-2-3-4-tetrasubstituted benzene] 790-830; C=C bending [alkene] 790-840
pure,31_32,3.0,1.5,928.0,928.0,928.0,,False,tentative (+V),,4.3314251283345626e-07,4.25,False,=C-H out-of-plane bending [vinyl group] 905-920
pure,31_32,3.0,1.5,2744.0,2744.0,2744.0,,False,tentative (-V),,3.51447675620433e-08,0.34,False,C-H stretching [aldehyde] 2695-2830; O-H stretching [alcohol] 2700-3200; O-H stretching [carboxylic acid] 2500-3300
pure,31_32,3.0,1.5,2976.0,2976.0,2976.0,,False,single-half (-V),,9.185597869739719e-07,9.0,False,C-H stretching [alkane] 2840-3000; N-H stretching [amine salt] 2800-3000; O-H stretching [alcohol] 2700-3200
pure,31_41,3.5,1.0,628.0,677.4,578.6,49.4,True,confirmed,even,3.0033640770127175e-07,5.95,False,C-Br stretching [halo compound] 515-690; C-Cl stretching [halo compound] 550-850; C-H out-of-plane bending [aromatic substitution] 650-900
pure,31_41,3.5,1.0,844.0,899.7,788.3,55.7,True,confirmed,even,3.222220720294852e-07,6.39,False,C-H out-of-plane bending [aromatic substitution] 650-900; C-Cl stretching [halo compound] 550-850; C=C bending [alkene] 790-840
pure,31_42,3.5,1.5,712.0,795.1,628.9,83.1,True,confirmed,even,4.0043868495079495e-07,8.42,False,aromatic out-of-plane C-H bending [benzene derivative] 680-720; C=C bending [alkene] 665-730; C-Cl stretching [alkyl halide] 700-800
pure,31_42,3.5,1.5,924.0,1008.2,839.8,84.2,True,confirmed,even,4.3273778820797827e-07,9.1,False,=C-H out-of-plane bending [vinyl group] 905-920; C-H bending [1-2-4-trisubstituted benzene] 860-900; C-H bending [1-3-disubstituted benzene] 860-900
pure,31_42,3.5,1.5,1152.0,1237.3,1066.7,85.3,True,confirmed,even,4.618115094387355e-08,0.97,False,C-O stretching [tertiary alcohol] 1124-1205; C-N stretching [amine] 1020-1250; C-F stretching [fluoro compound] 1000-1400
pure,32_33,3.0,2.5,1360.0,1360.0,1360.0,,False,tentative (-V),,2.818759750527844e-07,2.47,False,S=O stretching [sulfonamide] 1335-1370; S=O stretching [sulfonate] 1335-1372; O-H bending [phenol] 1310-1390
pure,32_33,3.0,2.5,1408.0,1408.0,1408.0,,False,tentative (+V),,3.9777013724641196e-07,3.49,False,S=O stretching [sulfonyl chloride] 1380-1410; S=O stretching [sulfate] 1380-1415; O-H bending [carboxylic acid] 1395-1440
pure,32_33,3.0,2.5,1512.0,1512.0,1512.0,,False,tentative (-V),,1.2834057501652468e-07,1.13,False,N-O stretching [nitro compound] 1500-1550
pure,32_33,3.0,2.5,1600.0,1600.0,1600.0,,False,single-half (+V),,8.340593271103762e-07,7.32,False,C=C stretching [conjugated alkene] 1600-1650; N-H bending [amine] 1580-1650; C=C stretching [cyclic alkene] 1566-1650
pure,32_33,3.0,2.5,1672.0,1672.0,1672.0,,False,tentative (-V),,2.1084998649394135e-07,1.85,False,C=C stretching [alkene] 1668-1678; C=C stretching [alkene] 1665-1675; C=O stretching [conjugated ketone] 1666-1685
pure,32_33,3.0,2.5,1792.0,1792.0,1792.0,,False,tentative (+V),,4.5467163519759493e-07,3.99,False,C=O stretching [acid halide] 1785-1815; C=O stretching [conjugated acid halide] 1770-1800; C-H bending (overtone) [aromatic compound] 1650-2000
pure,32_33,3.0,2.5,1840.0,1840.0,1840.0,,False,tentative (-V),,2.7553855406529315e-07,2.42,False,C-H bending (overtone) [aromatic compound] 1650-2000
pure,32_41,3.5,1.5,912.0,912.0,912.0,,False,confirmed,odd,2.3517158665651453e-07,1.66,False,=C-H out-of-plane bending [vinyl group] 905-920; C-H bending [1-2-4-trisubstituted benzene] 860-900; C-H bending [1-3-disubstituted benzene] 860-900
pure,32_42,3.5,2.0,568.0,568.0,568.0,,False,tentative (-V),,3.4318790009824094e-07,4.52,False,C-I stretching [halo compound] 500-600; C-Br stretching [halo compound] 515-690; M-O stretching [metal-oxygen (inorganic)] 400-600
pure,32_42,3.5,2.0,748.0,748.0,748.0,,False,confirmed,odd,3.808335797951467e-07,5.01,False,C-H bending [1-2-disubstituted benzene] 735-775; C-H bending [monosubstituted benzene] 730-770; C-Cl stretching [alkyl halide] 700-800
pure,32_42,3.5,2.0,944.0,944.0,944.0,,False,single-half (+V),,4.2384469404558874e-07,5.58,False,C=C bending [alkene] 960-980
pure,32_42,3.5,2.0,1952.0,1952.0,1952.0,,False,tentative (+V),,1.7528886786871333e-07,2.31,False,C=C=C stretching [allene] 1900-2000; C-H bending (overtone) [aromatic compound] 1650-2000
pure,32_42,3.5,2.0,2144.0,2144.0,2144.0,,False,tentative (+V),,1.3418126776590317e-07,1.77,False,N=C=N stretching [carbodiimide] 2120-2145; S-C≡N stretching [thiocyanate] 2140-2175; N=N=N stretching [azide] 2120-2160
pure,32_42,3.5,2.0,2200.0,2200.0,2200.0,,False,tentative (-V),,1.5080040041407925e-07,1.98,False,C≡C stretching [terminal alkyne] 2200-2250; C≡C stretching [alkyne] 2190-2260
pure,32_42,3.5,2.0,2288.0,2288.0,2288.0,,False,tentative (+V),,1.5920872231834813e-07,2.1,False,
pure,32_43,3.5,2.5,1352.0,1352.0,1352.0,,False,single-half (+V),,3.881689363743082e-07,8.95,False,S=O stretching [sulfonamide] 1335-1370; S=O stretching [sulfonate] 1335-1372; O-H bending [phenol] 1310-1390
pure,32_43,3.5,2.5,1584.0,1584.0,1584.0,,False,single-half (+V),,7.154656178009412e-07,16.5,False,N-H bending [amine] 1580-1650; C=C stretching [cyclic alkene] 1566-1650; C=C stretching [conjugated alkene] 1600-1650
pure,32_43,3.5,2.5,1800.0,1800.0,1800.0,,False,single-half (+V),,4.25954961528338e-07,9.83,False,C=O stretching [acid halide] 1785-1815; C=O stretching [conjugated acid halide] 1770-1800; C-H bending (overtone) [aromatic compound] 1650-2000
pure,33_34,3.0,3.5,472.0,472.0,472.0,,False,single-half (-V),,6.078455052234648e-07,9.23,False,M-O stretching [metal-oxygen (inorganic)] 400-600
pure,33_34,3.0,3.5,528.0,528.0,528.0,,False,tentative (+V),,2.989804375826251e-07,4.54,False,C-I stretching [halo compound] 500-600; C-Br stretching [halo compound] 515-690; M-O stretching [metal-oxygen (inorganic)] 400-600
pure,33_34,3.0,3.5,680.0,680.0,680.0,,False,single-half (-V),,3.9530275767846317e-07,6.0,False,aromatic out-of-plane C-H bending [benzene derivative] 680-720; C=C bending [alkene] 665-730; C-Br stretching [halo compound] 515-690
pure,33_34,3.0,3.5,824.0,824.0,824.0,,False,tentative (+V),,2.809460000220391e-07,4.27,False,C-H bending [1-4-disubstituted benzene] 790-830; C-H bending [1-2-3-4-tetrasubstituted benzene] 790-830; C=C bending [alkene] 790-840
pure,33_34,3.0,3.5,936.0,936.0,936.0,,False,tentative (-V),,1.672507343158323e-08,0.25,False,=C-H out-of-plane bending [vinyl group] 905-920
pure,33_34,3.0,3.5,3480.0,3480.0,3480.0,,False,tentative (-V),,1.9662317537715688e-07,2.99,False,O-H stretching (H-bonded) [alcohol] 3200-3550; N-H stretching [primary amine] 3500-3500; O-H stretching (free) [phenol/alcohol] 3500-3700
pure,33_34,3.0,3.5,3624.0,3624.0,3624.0,,False,tentative (-V),,5.987162515102126e-07,9.09,False,O-H stretching (free) [alcohol/phenol] 3584-3700; O-H stretching (free) [phenol/alcohol] 3500-3700
pure,33_42,3.5,2.5,360.0,360.0,360.0,,False,tentative (+V),,2.3188218802890305e-07,2.63,False,
pure,33_42,3.5,2.5,3376.0,3376.0,3376.0,,False,tentative (-V),,1.509743825177258e-07,1.71,False,N-H stretching [aliphatic primary amine] 3300-3400; O-H stretching (H-bonded) [alcohol] 3200-3550
pure,33_42,3.5,2.5,3568.0,3568.0,3568.0,,False,single-half (-V),,6.300801006013103e-07,7.14,False,O-H stretching (free) [phenol/alcohol] 3500-3700; O-H stretching (free) [alcohol/phenol] 3584-3700; O-H stretching (H-bonded) [alcohol] 3200-3550
pure,33_43,3.5,3.0,336.0,336.0,336.0,,False,single-half (+V),,5.161484420288096e-07,8.33,False,
pure,33_43,3.5,3.0,456.0,456.0,456.0,,False,tentative (-V),,7.339436341828337e-08,1.18,False,M-O stretching [metal-oxygen (inorganic)] 400-600
pure,33_43,3.5,3.0,560.0,560.0,560.0,,False,single-half (+V),,4.184144639551777e-07,6.75,False,C-I stretching [halo compound] 500-600; C-Br stretching [halo compound] 515-690; M-O stretching [metal-oxygen (inorganic)] 400-600
pure,33_43,3.5,3.0,3256.0,3256.0,3256.0,,False,single-half (-V),,4.114052996618987e-07,6.64,False,O-H stretching (H-bonded) [alcohol] 3200-3550; O-H stretching [carboxylic acid] 2500-3300; C-H stretching [alkyne] 3267-3333
pure,33_43,3.5,3.0,3448.0,3448.0,3448.0,,False,single-half (-V),,1.917745499775223e-07,3.09,False,O-H stretching (H-bonded) [alcohol] 3200-3550
pure,33_44,3.5,3.5,352.0,352.0,352.0,,False,tentative (+V),,2.1332043662365535e-07,2.34,False,
pure,33_44,3.5,3.5,2864.0,2864.0,2864.0,,False,single-half (-V),,1.0779107086596788e-06,11.84,False,C-H stretching [alkane] 2840-3000; N-H stretching [amine salt] 2800-3000; O-H stretching [alcohol] 2700-3200
pure,33_44,3.5,3.5,3592.0,3592.0,3592.0,,False,tentative (-V),,2.4745012603134095e-07,2.72,False,O-H stretching (free) [alcohol/phenol] 3584-3700; O-H stretching (free) [phenol/alcohol] 3500-3700
pure,41_42,4.0,1.5,1880.0,1880.0,1880.0,,False,single-half (+V),,2.984920707806906e-06,16.05,False,C-H bending (overtone) [aromatic compound] 1650-2000; C=C=C stretching [allene] 1900-2000
pure,41_42,4.0,1.5,2024.0,2024.0,2024.0,,False,single-half (+V),,3.7073310617362753e-06,19.93,False,N=C=S stretching [isothiocyanate] 1990-2140
pure,41_42,4.0,1.5,2208.0,2208.0,2208.0,,False,single-half (+V),,7.4762949000955475e-06,40.2,False,C≡C stretching [terminal alkyne] 2200-2250; C≡C stretching [alkyne] 2190-2260; C≡N stretching [nitrile] 2222-2260
pure,41_42,4.0,1.5,2384.0,2384.0,2384.0,,False,single-half (+V),,7.591863983204482e-06,40.82,False,
pure,41_42,4.0,1.5,2544.0,2544.0,2544.0,,False,single-half (+V),,5.809145320032286e-06,31.23,False,O-H stretching [carboxylic acid] 2500-3300; S-H stretching [thiol] 2550-2600
pure,41_42,4.0,1.5,2752.0,2752.0,2752.0,,False,single-half (+V),,1.4739410773775895e-06,7.92,False,C-H stretching [aldehyde] 2695-2830; O-H stretching [alcohol] 2700-3200; O-H stretching [carboxylic acid] 2500-3300
pure,41_42,4.0,1.5,2864.0,2864.0,2864.0,,False,tentative (+V),,4.303798451451756e-07,2.31,False,C-H stretching [alkane] 2840-3000; N-H stretching [amine salt] 2800-3000; O-H stretching [alcohol] 2700-3200
pure,41_51,4.5,1.0,880.0,945.0,815.0,65.0,True,confirmed,even,3.551882762260446e-07,6.97,False,C-H bending [1-2-4-trisubstituted benzene] 860-900; C-H bending [1-3-disubstituted benzene] 860-900; C-H out-of-plane bending [aromatic substitution] 650-900
pure,41_51,4.5,1.0,1092.0,1169.9,1014.1,77.9,True,confirmed,even,3.881041644629154e-07,7.62,False,C-O stretching [secondary alcohol] 1087-1124; C-O stretching [aliphatic ether] 1085-1150; C-N stretching [amine] 1020-1250
pure,41_52,4.5,1.5,752.0,790.7,713.3,38.7,True,confirmed,even,4.077298158263184e-07,7.42,False,C-H bending [1-2-disubstituted benzene] 735-775; C-H bending [monosubstituted benzene] 730-770; C-Cl stretching [alkyl halide] 700-800
pure,41_52,4.5,1.5,960.0,1001.8,918.2,41.8,True,confirmed,even,4.174523447519953e-07,7.59,False,C=C bending [alkene] 960-980; =C-H out-of-plane bending [trans-alkene] 970-990; C=C bending [allene] 985-995
pure,42_43,4.0,2.5,284.0,284.0,284.0,,False,confirmed,odd,2.869247718378306e-07,2.4,False,
pure,42_43,4.0,2.5,416.0,416.0,416.0,,False,tentative (+V),,6.112115163840623e-08,0.51,False,M-O stretching [metal-oxygen (inorganic)] 400-600
pure,42_43,4.0,2.5,1280.0,1280.0,1280.0,,False,tentative (-V),,1.7107828433621897e-07,1.43,False,C-O stretching [aromatic ester] 1250-1310; C-N stretching [aromatic amine] 1266-1342; C-F stretching [fluoro compound] 1000-1400
pure,42_43,4.0,2.5,1344.0,1344.0,1344.0,,False,tentative (+V),,2.8089860394405866e-07,2.35,False,S=O stretching [sulfonic acid] 1342-1350; S=O stretching [sulfonamide] 1335-1370; S=O stretching [sulfonate] 1335-1372
pure,42_43,4.0,2.5,1456.0,1456.0,1456.0,,False,single-half (-V),,8.811827365576817e-07,7.36,False,C-H bending [alkane] 1450-1450; C-H bending [alkane] 1465-1465; O-H bending [carboxylic acid] 1395-1440
pure,42_43,4.0,2.5,1544.0,1544.0,1544.0,,False,tentative (+V),,4.4298101028397454e-07,3.7,False,N-O stretching [nitro compound] 1500-1550
pure,42_43,4.0,2.5,1640.0,1640.0,1640.0,,False,single-half (-V),,1.4266698380555062e-06,11.92,False,C=C stretching [alkene] 1638-1648; C=C stretching [alkene] 1626-1662; C=N stretching [imine/oxime] 1640-1690
pure,42_43,4.0,2.5,1832.0,1832.0,1832.0,,False,single-half (-V),,1.059724603696675e-06,8.85,False,C-H bending (overtone) [aromatic compound] 1650-2000; C=O stretching [anhydride] 1818-1818; C=O stretching [acid halide] 1785-1815
pure,42_52,4.5,2.0,220.0,220.0,220.0,,False,confirmed,even,1.6546793752300049e-07,4.59,False,
pure,42_52,4.5,2.0,424.0,424.0,424.0,,False,tentative (-V),,1.1485351715412757e-08,0.32,False,M-O stretching [metal-oxygen (inorganic)] 400-600
pure,42_52,4.5,2.0,632.0,632.0,632.0,,False,tentative (+V),,5.885468022494676e-08,1.63,False,C-Br stretching [halo compound] 515-690; C-Cl stretching [halo compound] 550-850; C-H out-of-plane bending [aromatic substitution] 650-900
pure,42_52,4.5,2.0,1588.0,1588.0,1588.0,,False,confirmed,even,1.5003474465969547e-07,4.16,False,N-H bending [amine] 1580-1650; C=C stretching [cyclic alkene] 1566-1650; C=C stretching [conjugated alkene] 1600-1650
pure,42_52,4.5,2.0,1800.0,1800.0,1800.0,,False,confirmed,even,1.555775205981861e-07,4.32,False,C=O stretching [acid halide] 1785-1815; C=O stretching [conjugated acid halide] 1770-1800; C-H bending (overtone) [aromatic compound] 1650-2000
pure,42_53,4.5,2.5,220.0,230.8,209.2,10.8,True,confirmed,odd,2.240014036342297e-07,3.32,False,
pure,42_53,4.5,2.5,336.0,343.8,328.2,7.8,True,confirmed,odd,3.1363541030683966e-07,4.65,False,
pure,42_53,4.5,2.5,528.0,530.9,525.1,2.9,True,confirmed,odd,3.4812128648848e-07,5.16,False,C-I stretching [halo compound] 500-600; C-Br stretching [halo compound] 515-690; M-O stretching [metal-oxygen (inorganic)] 400-600
pure,42_53,4.5,2.5,740.0,737.4,742.6,2.6,True,confirmed,odd,4.677334043438518e-08,0.69,False,C-H bending [1-2-disubstituted benzene] 735-775; C-H bending [monosubstituted benzene] 730-770; C-Cl stretching [alkyl halide] 700-800
pure,42_53,4.5,2.5,1300.0,1283.1,1316.9,16.9,True,confirmed,odd,2.707738236096287e-07,4.02,False,S=O stretching [sulfone] 1300-1350; C-O stretching [aromatic ester] 1250-1310; C-N stretching [aromatic amine] 1266-1342
pure,42_53,4.5,2.5,1496.0,1474.1,1517.9,21.9,True,confirmed,odd,5.149398066630859e-07,7.64,False,N-O stretching [nitro compound] 1500-1550; C-H bending [alkane] 1465-1465
pure,42_53,4.5,2.5,1712.0,1684.5,1739.5,27.5,True,confirmed,odd,2.484679913034155e-07,3.68,False,C=O stretching [carboxylic acid] 1706-1720; C=O stretching [aliphatic ketone] 1705-1725; C-H bending (overtone) [aromatic compound] 1650-2000
pure,43_44,4.0,3.5,320.0,320.0,320.0,,False,tentative (+V),,3.445768413105463e-07,4.61,False,
pure,43_52,4.5,2.5,328.0,328.0,328.0,,False,tentative (+V),,1.5315895352121404e-07,3.68,False,
pure,43_52,4.5,2.5,416.0,416.0,416.0,,False,tentative (-V),,1.1687327015431558e-07,2.81,False,M-O stretching [metal-oxygen (inorganic)] 400-600
pure,43_52,4.5,2.5,512.0,512.0,512.0,,False,tentative (+V),,1.1388408690025225e-07,2.74,False,C-I stretching [halo compound] 500-600; M-O stretching [metal-oxygen (inorganic)] 400-600; C-Br stretching [halo compound] 515-690
pure,44_54,4.5,4.0,3576.0,3576.0,3576.0,,False,tentative (-V),,2.831299649039442e-07,3.82,False,O-H stretching (free) [phenol/alcohol] 3500-3700; O-H stretching (free) [alcohol/phenol] 3584-3700
pure,51_52,5.0,1.5,3624.0,3624.0,3624.0,,False,tentative (-V),,2.3334713002167184e-07,4.94,False,O-H stretching (free) [alcohol/phenol] 3584-3700; O-H stretching (free) [phenol/alcohol] 3500-3700
pure,53_54,5.0,3.5,3080.0,3080.0,3080.0,,False,tentative (+V),,2.5555144924130555e-07,2.15,True,C-H stretching (aromatic) [aromatic hydrocarbon] 3050-3100; C-H stretching [alkene] 3000-3100; O-H stretching [alcohol] 2700-3200
pure,53_54,5.0,3.5,3484.0,3484.0,3484.0,,False,confirmed,even,1.7721479051868732e-07,1.49,True,O-H stretching (H-bonded) [alcohol] 3200-3550; N-H stretching [primary amine] 3500-3500; O-H stretching (free) [phenol/alcohol] 3500-3700
